Branch,Customer,Start Date,Finish Date,Project Name,Project Type,Project Unit,Quote Number,Contract Type,Project Number,Project Status,Distribution To,Project Manager,Cost Per Trip/Day,Product Estimated,Project Description,Project Ledger Currency,Operating Company (OpCo)
Richmond-C&J-Services,THALHIMER,2026-03-01,2027-05-01,1701 Fall Hill SA 26-27,CJBS_Billable Project Type,CJBS PU,0126-6906,Service Contract,0126-6906,Active,CONTRACTOR,"Halferty, April",87,Tridium,"1701 Fall Hill Ave Fredericksburg, VA 22401",USD,CJBS
Richmond-C&J-Building Automation,COMFORT SYSTEMS INC,2025-04-01,2027-05-31,ABB Regen Test Bay,CJBS_Billable Project Type,CJBS PU,0125-5992,New Construction,0125-5992,Active,CONTRACTOR,"Suttles, Jonathan",44.5,Custom Panel,"5900 Eastport Blvd Richmond, VA 23231",USD,CJBS
Richmond-C&J-Services,ALBEMARLE CHARLOTTESVILLE REGIONAL JAIL,2025-12-01,2026-12-01,ACRJ Service Contract Renewal 25-26,CJBS_Billable Project Type,CJBS PU,0126-7065,Service Contract,0126-7065,Active,CONTRACTOR,"Halferty, April",87,,"160 Peregory Lane  Charlottesville, VA 22902",USD,CJBS
Richmond-C&J-Building Automation,HOBBS & ASSOCIATES,2025-04-01,2027-01-01,Albemarle Co HS Center - Annexair Unit Controls,CJBS_Billable Project Type,CJBS PU,0125-6573,Renovation,0125-6573,Active,CONTRACTOR,"Suttles, Jonathan",151.3,Schneider AS-B,"2775 Hydraulic Road  Charlottesville, VA",USD,CJBS
Richmond-C&J-Services,BURGESS & NIPLE INC,2026-05-01,2027-01-01,Atlantic Park_Dome Program Mods May26,CJBS_Billable Project Type,CJBS PU,0126-7378,Service Quoted,0126-7378,Active,CONTRACTOR,"Martinez, Joseph",139.2,Schneider,"400 20th St. Virginia Beach, VA 23451",USD,CJBS
Richmond-C&J-Building Automation,HOWELL'S HEATING & AIR,2024-10-01,2027-01-01,Avon Operations Center,CJBS_Billable Project Type,CJBS PU,0124-5586,New Construction,0124-5586,Active,CONTRACTOR,"Tees, Jason",94.8295,Schneider,"1741 Avon Street Extended  Charlottesville, VA 22902",USD,CJBS
Richmond-C&J-Building Automation,ATLANTIC CONSTRUCTORS INC,2025-02-01,2026-08-01,BSMH - ORC HVAC Upgrades,CJBS_Billable Project Type,CJBS PU,0125-6136,Renovation,0125-6136,Active,CONTRACTOR,"Flagg, Daniel",22.04785929,JCI FX or Schneider Tridium,"2521 Brittons Hill Road  Richmond, VA 23230",USD,CJBS
Richmond-C&J-Building Automation,WARWICK MECHANICAL GROUP,2025-07-01,2026-11-01,BSMH RGH Lab Equip PH2,CJBS_Billable Project Type,CJBS PU,0125-6737,Renovation,0125-6737,Active,CONTRACTOR,"Flagg, Daniel",178,Tridium / Schneider,"101 HARRIS ROAD KILMARNOCK, VA 22482",USD,CJBS
Richmond-C&J-Building Automation,WARWICK MECHANICAL GROUP,2024-11-01,2027-07-01,BSMH RGH Patient Wing Renovation,CJBS_Billable Project Type,CJBS PU,0124-5395,Renovation,0124-5395,Active,CONTRACTOR,"Flagg, Daniel",121.6990758,Tridium Schneider,"101 Harris Road  Kilmarnock, VA 22482",USD,CJBS
Richmond-C&J-Building Automation,M&E CONTRACTORS,2025-08-01,2027-02-01,BSMH Short Pump ASC,CJBS_Billable Project Type,CJBS PU,0125-6027,New Construction,0125-6027,Active,CONTRACTOR,"Flagg, Daniel",44.5,Schneider Tridium,"12320 West Broad St.  Henrico, VA 23233",USD,CJBS
Richmond-C&J-Building Automation,M&E CONTRACTORS,2026-02-01,2027-04-01,BSMH St Francis MOB - ASC,CJBS_Billable Project Type,CJBS PU,0126-6593,New Construction,0126-6593,Active,CONTRACTOR,"Flagg, Daniel",44.5,Schneider Tridium,"13701 Bon Secours Drive  Midlothian, VA 23114",USD,CJBS
Richmond-C&J-Building Automation,HOWELL'S HEATING & AIR,2025-12-01,2026-12-01,BSMH St Francis MOB 2nd 3rd Fitout,CJBS_Billable Project Type,CJBS PU,0125-6879,New Construction,0125-6879,Active,CONTRACTOR,"Flagg, Daniel",44.5,SE - Tridium,"13701 Bon Secours Drive  Midlothian, VA 23114",USD,CJBS
Richmond-C&J-Building Automation,M&E CONTRACTORS,2025-08-01,2026-11-01,BSMH St. Francis MOB Core Shell,CJBS_Billable Project Type,CJBS PU,0125-6047,New Construction,0125-6047,Active,CONTRACTOR,"Flagg, Daniel",56.22625286,Schneider Tridium,"13701 Bon Secours Drive  Richmond, VA 23114",USD,CJBS
Richmond-C&J-Services,MILLER MECHANICAL,2026-03-01,2027-01-01,BSMH St. Marys MOB N OPIC,CJBS_Billable Project Type,CJBS PU,0126-7134,Service Quoted,0126-7134,Active,CONTRACTOR,"Seay, Kyle",62.3,SE Tridium,"5855 Bremo Road, Suite 605  Richmond, VA 23226",USD,CJBS
Richmond-C&J-Services,BROOKS FAMILY YMCA,2025-11-01,2027-01-01,Brooks YMCA,CJBS_Billable Project Type,CJBS PU,0125-6775,Service Contract,0125-6775,Active,CONTRACTOR,"Halferty, April",87,,"151 McIntire Park Drive Charlottesville, VA 22902",USD,CJBS
Richmond-C&J-Building Automation,GREEN AIR,2024-03-01,2027-02-01,Buckingham WWTP,CJBS_Billable Project Type,CJBS PU,0124-5263,New Construction,0124-5263,Active,CONTRACTOR,"Dodd, Sean",139.2,Wiring Only,"VA-20 Dillwyn, VA 23936",USD,CJBS
Richmond-C&J-Building Automation,ATLANTIC CONSTRUCTORS INC,2024-07-01,2027-11-01,CBBT BAS Controls,CJBS_Billable Project Type,CJBS PU,0124-5803,New Construction,0124-5803,Active,CONTRACTOR,"Flagg, Daniel",151.3165577,Schneider Electric,"Chesapeake Bay Bridge and Tunnel District Cape Charles, VA 23310",USD,CJBS
Richmond-C&J-Building Automation,GREEN AIR,2025-12-01,2027-10-01,CC Falling Creek Police Station,CJBS_Billable Project Type,CJBS PU,0125-6794,New Construction,0125-6794,Active,CONTRACTOR,"Tees, Jason",62.3,SE Tridium,"7318 Midlothian Turnpike  North Chesterfield, VA 23225",USD,CJBS
Richmond-C&J-Services,HARRIS HEATING & PLUMBING CO,2026-09-01,2029-11-01,CCPS - New West Area Elem - Service Contract,CJBS_Billable Project Type,CJBS PU,0124-6131,Service Contract,0124-6131,Active,CONTRACTOR,,87,,"17160 Westerleigh Parkway Moseley, VA 23120",USD,CJBS
Richmond-C&J-Building Automation,HARRIS HEATING & PLUMBING CO,2024-11-01,2026-09-01,CCPS - New West Area Elem School,CJBS_Billable Project Type,CJBS PU,0124-5916,New Construction,0124-5916,Active,CONTRACTOR,"Flagg, Daniel",18.49483733,Schneider with JACE,"17160 Westerleigh Parkway  Moseley, VA 23120",USD,CJBS
Richmond-C&J-Building Automation,CMA CGM (AMERICA) LLC,2025-11-01,2026-09-01,CMA CGM HQ 1st Floor,CJBS_Billable Project Type,CJBS PU,0125-6985,Renovation,0125-6985,Active,CONTRACTOR,"Flagg, Daniel",104.4,Schneider / Schneider,"5701 Lake Wright Dr Norfolk, VA 23502",USD,CJBS
Richmond-C&J-Building Automation,SOUTHEASTERN MECHANICAL INC,2024-02-20,2026-10-20,CMA CGM HQ 3rd Floor,CJBS_Billable Project Type,CJBS PU,0124-4507,Renovation,0124-4507,Active,CONTRACTOR,"Flagg, Daniel",143.1300218,Schneider Electric,"5701 Lake Wright Dr Norfolk, VA 23502",USD,CJBS
Richmond-C&J-Services,CITY OF RICHMOND,2026-06-01,2027-08-01,COR Community Centers,CJBS_Billable Project Type,CJBS PU,0126-7313,Service Contract,0126-7313,Active,CONTRACTOR,"Seay, Taylor",87,,"900 E Broad Street 4th Floor - Room 407 Richmond, VA 23219",USD,CJBS
Richmond-C&J-Building Automation,HOWELL'S HEATING & AIR,2025-11-01,2027-02-01,COR WWTP Admin Building,CJBS_Billable Project Type,CJBS PU,0125-6731,Renovation,0125-6731,Active,CONTRACTOR,"Tees, Jason",71.2,JCI FX,"1400 Brander Street  Richmond, VA 23224",USD,CJBS
Richmond-C&J-Building Automation,SCHNEIDER ELECTRIC NATIONAL ACCOUNTS ©,2025-01-01,2029-05-04,CTP-02,CJBS_Billable Project Type,CJBS PU,0125-6005,New Construction,0125-6005,Active,CONTRACTOR,"Garter, Matthew",69.451465,No Product Required - Labor and ESUB only,"1401 Meadowville Technology Park Chester, VA 23836",USD,CJBS
Richmond-C&J-Building Automation,HARRIS HEATING & PLUMBING CO,2024-10-01,2027-02-01,Carter Bellwood Rental Store,CJBS_Billable Project Type,CJBS PU,0124-6046,New Construction,0124-6046,Active,CONTRACTOR,"Martinez, Joseph",62.3,JCI FX,"1705 Bellwood Road  Richmond, VA 23237",USD,CJBS
Richmond-C&J-Building Automation,COLONIAL WEBB CONTRACTORS,2025-04-01,2026-12-01,Chesterfield County Jail - HVAC Replacement,CJBS_Billable Project Type,CJBS PU,0125-5497,Renovation,0125-5497,Active,CONTRACTOR,"Tees, Jason",55.05392093,Schneider Tridium,"6900 Mimms Drive  Chesterfield, VA 23832",USD,CJBS
Richmond-C&J-Building Automation,RYCON CONSTRUCTION,2025-04-01,2027-01-01,Chesterfield County New Animal Services Facility,CJBS_Billable Project Type,CJBS PU,0125-6147,New Construction,0125-6147,Active,CONTRACTOR,"Tees, Jason",62.3,Schneider Tridium,"Government Center Parkway  Chesterfield County, VA 23832",USD,CJBS
Richmond-C&J-Services,CHESTERFIELD COUNTY,2025-08-01,2026-10-01,Chesterfield Fleet & Midlo Library 2025-26 - SA,CJBS_Billable Project Type,CJBS PU,0125-6777,Service Contract,0125-6777,Active,CONTRACTOR,"Seay, Kyle",87,Tridium,"6609 Public Works Court Chesterfield, VA 23832",USD,CJBS
Richmond-C&J-Services,VIRGINIA DEPARTMENT OF AGRICULTURE AND CONSUMER SERVICES,2024-06-01,2026-12-01,Dept of Agriculture - Ctrls - SA 2024,CJBS_Billable Project Type,CJBS PU,0124-5638,Service Contract,0124-5638,Active,CONTRACTOR,"Martinez, Joseph",105.125,Existing JCI,"261 Mt. Clinton Pike Harrisonburg, VA 22802",USD,CJBS
Richmond-C&J-Building Automation,DOMINION ENERGY ©,2025-12-01,2027-08-01,Dominion - NAPS - DCER AC-150 & 158 Ctrls,CJBS_Billable Project Type,CJBS PU,0125-6887,Renovation,0125-6887,Active,CONTRACTOR,"Martinez, Joseph",97.9,JCI FX,"1022 Haley Dr Mineral, VA 23117",USD,CJBS
Richmond-C&J-Building Automation,INTEGRITY CONSTRUCTION MANAGEMENT LLC,2024-09-01,2027-03-01,Dominion - NAPS - DCER AC-150 - 158 Mtrl,CJBS_Billable Project Type,CJBS PU,0124-5569,Renovation,0124-5569,Active,CONTRACTOR,"Martinez, Joseph",97.9,JCI FX,"1022 Haley Dr. Mineral, VA 23117",USD,CJBS
Richmond-C&J-Services,DOMINION ENERGY ©,2026-03-01,2027-05-01,Dominion North Anna Service Agreement,CJBS_Billable Project Type,CJBS PU,0126-7115,Service Contract,0126-7115,Active,CONTRACTOR,"Halferty, April",87,,"1022 Haley Drive Mineral, VA 23117",USD,CJBS
Richmond-C&J-Building Automation,OLD DOMINION MECHANICAL (C),2025-12-01,2026-11-01,Dominion Packaging Press Room,CJBS_Billable Project Type,CJBS PU,0125-6677,Renovation,0125-6677,Active,CONTRACTOR,"Tees, Jason",58.17241379,TBD,"2708 Seven Hill Blvd Henrico, VA 23231",USD,CJBS
Richmond-C&J-Services,DOMINION ENERGY ©,2026-03-01,2027-05-01,Dominion TFF Service Agreement,CJBS_Billable Project Type,CJBS PU,0126-7159,Service Contract,0126-7159,Active,CONTRACTOR,"Halferty, April",87,Tridium ,"600 East Canal St. Richmond, VA 23219",USD,CJBS
Richmond-C&J-Services,MILLER MECHANICAL,2026-07-01,2027-07-01,EyeCare Partners - 2nd Flr - Norfolk 2026 SA,CJBS_Billable Project Type,CJBS PU,0126-7356,Service Contract,0126-7356,Active,CONTRACTOR,,87,Tridium,"200 Corporate Blvd. Norfolk, VA 23502",USD,CJBS
Richmond-C&J-Services,MILLER MECHANICAL,2026-06-01,2027-08-01,EyeCare Partners - Surgery Center - Norfolk - 2026 SA,CJBS_Billable Project Type,CJBS PU,0126-7357,Service Contract,0126-7357,Active,CONTRACTOR,"Martinez, Joseph",182.7,Tridium,"200 Corporate Blvd. Norfolk, VA 23502",USD,CJBS
Richmond-C&J-Services,FEED MORE,2025-12-01,2027-01-01,Feed More Service Agreement 25-26,CJBS_Billable Project Type,CJBS PU,0125-6193,Service Contract,0125-6193,Active,CONTRACTOR,"Seay, Kyle",46.84615385,Schneider,"8020 Villa Park Dr. Richmond, VA 23228",USD,CJBS
Richmond-C&J-Building Automation,EMC MECHANICAL SERVICES,2024-11-01,2027-03-26,Flying Squirrels New Stadium,CJBS_Billable Project Type,CJBS PU,0124-5751,New Construction,0124-5751,Active,CONTRACTOR,"Suttles, Jonathan",66.1939887,Tridium / SE,"2929 N. Arthur Ashe Blvd.  Richmond, VA 23230",USD,CJBS
Richmond-C&J-Building Automation,M&E CONTRACTORS,2025-02-01,2026-09-01,Friendship Court – CRC,CJBS_Billable Project Type,CJBS PU,0125-4435,New Construction,0125-4435,Active,CONTRACTOR,"Suttles, Jonathan",13.28992629,Belimo ,"625 6th ST. SE Charlottesville, VA 22902",USD,CJBS
Richmond-C&J-Services,QINETIQ INC,2025-03-01,2026-09-30,Ft Belvoir -305 Controls SA,CJBS_Billable Project Type,CJBS PU,0125-6282,Service Contract,0125-6282,Active,CONTRACTOR,,139.2,Tridium,"5961 Putnam Rd Fort Belvoir, VA 22060, 2026/04/30",USD,CJBS
Richmond-C&J-Services,CACI,2026-04-01,2027-06-01,Ft Belvoir Bldg 357 Controls SA,CJBS_Billable Project Type,CJBS PU,0126-7161,Service Contract,0126-7161,Active,CONTRACTOR,"Halferty, April",87,,"5961 Putnam Road  Ft. Belvoir, VA 22060",USD,CJBS
Richmond-C&J-Services,T&H SERVICES,2026-04-01,2027-06-01,Ft. Barfoot - SA 26-27,CJBS_Billable Project Type,CJBS PU,0126-7209,Service Contract,0126-7209,Active,CONTRACTOR,"Halferty, April",87,JCI FX,"2349 Military Rd Blackstone, VA 23824",USD,CJBS
Richmond-C&J-Building Automation,OLD DOMINION MECHANICAL (C),2026-04-01,2027-06-01,GIA Moorefield - Clinic Admin,CJBS_Billable Project Type,CJBS PU,0126-7260,Renovation,0126-7260,Active,CONTRACTOR,"Suttles, Jonathan",62.3,SE,"800 Moorefield Park Drive  Richmond, VA 23236",USD,CJBS
Richmond-C&J-Building Automation,OLD DOMINION MECHANICAL (C),2026-04-01,2027-06-01,GIA Moorefield - Core & Shell,CJBS_Billable Project Type,CJBS PU,0126-6760,Renovation,0126-6760,Active,CONTRACTOR,"Suttles, Jonathan",62.3,SE,"800 Moorefield Park Drive  Richmond, VA 23236",USD,CJBS
Richmond-C&J-Building Automation,OLD DOMINION MECHANICAL (C),2026-04-01,2027-06-01,GIA Moorefield - Endoscopy,CJBS_Billable Project Type,CJBS PU,0126-7259,Renovation,0126-7259,Active,CONTRACTOR,"Suttles, Jonathan",62.3,SE,"800 Moorefield Park Drive  Richmond, VA 23236",USD,CJBS
Richmond-C&J-Services,ETEC,2025-11-01,2026-11-01,HCA HDH Labor and Delivery,CJBS_Billable Project Type,CJBS PU,0125-6981,Service Quoted,0125-6981,Active,CONTRACTOR,"Seay, Kyle",60.88565794,JCI - FX,"1602 Skipwith Road  Richmond, VA 23229",USD,CJBS
Richmond-C&J-Building Automation,ICE HEATING & COOLING,2026-06-01,2027-10-01,Hanover Doswell Fire Station 4,CJBS_Billable Project Type,CJBS PU,0126-7193,New Construction,0126-7193,Active,CONTRACTOR,"Suttles, Jonathan",89,SE Tridium,"16243 Washington Highway  Doswell, Virginia 23047",USD,CJBS
Richmond-C&J-Building Automation,ATLANTIC CONSTRUCTORS INC,2026-05-01,2027-07-01,IAD 557 ACB,CJBS_Billable Project Type,CJBS PU,0126-7359,New Construction,0126-7359,Active,CONTRACTOR,"Garter, Matthew",89,SE,"2694 Jefferson Highway Louisa, VA 23093",USD,CJBS
Richmond-C&J-Building Automation,ATLANTIC CONSTRUCTORS INC,2026-05-01,2027-07-01,IAD 557 CAB,CJBS_Billable Project Type,CJBS PU,0126-7360,New Construction,0126-7360,Active,CONTRACTOR,"Garter, Matthew",89,SE,"2694 Jefferson Highway Louisa, VA 23093",USD,CJBS
Richmond-C&J-Building Automation,ATLANTIC CONSTRUCTORS INC,2026-05-01,2027-09-01,IAD 557 DH Office DH Wiring,CJBS_Billable Project Type,CJBS PU,0126-6456,New Construction,0126-6456,Active,CONTRACTOR,"Garter, Matthew",67.93706294,SE,"2694 Jefferson Highway Lousia, VA 23093",USD,CJBS
Richmond-C&J-Building Automation,COLONIAL WEBB CONTRACTORS,2026-03-01,2027-12-01,IAD-457 Ancillary Buildings,CJBS_Billable Project Type,CJBS PU,0126-7129,New Construction,0126-7129,Active,CONTRACTOR,"Garter, Matthew",72,SE,"6006 Mallard Road Woodford, VA 22580",USD,CJBS
Richmond-C&J-Building Automation,COLONIAL WEBB CONTRACTORS,2026-03-01,2027-12-01,IAD-457 Mattameade Data Center,CJBS_Billable Project Type,CJBS PU,0126-6087,New Construction,0126-6087,Active,CONTRACTOR,"Garter, Matthew",82.19571983,SE,"6006 Mallard Road Woodford, VA 22580",USD,CJBS
Richmond-C&J-Building Automation,ATLANTIC CONSTRUCTORS INC,2026-02-01,2027-10-01,IAD-557 AWB,CJBS_Billable Project Type,CJBS PU,0126-7020,New Construction,0126-7020,Active,CONTRACTOR,"Flagg, Daniel",75.49022606,Schneider Electric,"Route 33 Louisa, VA 23093",USD,CJBS
Richmond-C&J-Building Automation,HOWELL'S HEATING & AIR,2025-02-01,2027-01-01,Ice Arena at Chesterfield,CJBS_Billable Project Type,CJBS PU,0125-6195,New Construction,0125-6195,Active,CONTRACTOR,"Tees, Jason",0,Schneider ,2300 Genito Place  Chesterfield VA 23832,USD,CJBS
Richmond-C&J-Building Automation,GREENLINE TECHNICAL GROUP INC,2024-02-01,2027-02-01,Innovas OEM Tridum Solution,CJBS_Billable Project Type,CJBS PU,0123-5135,New Construction,0123-5135,Active,CONTRACTOR,"Desoto, Christopher",87,Schneider Tridium,Virtual,USD,CJBS
Richmond-C&J-Services,JEFFERSON SCHOLARS FOUNDATION,2025-11-01,2027-01-01,Jefferson Scholars Service Agreement 25-26,CJBS_Billable Project Type,CJBS PU,0125-6215,Service Contract,0125-6215,Active,CONTRACTOR,"Halferty, April",104.4,,"112 Clarke Court  Charlottesville, VA 22903",USD,CJBS
Richmond-C&J-Services,KAESER COMPRESSORS,2025-08-01,2026-10-01,Kaeser Compressors Service Agreement,CJBS_Billable Project Type,CJBS PU,0125-6723,Service Contract,0125-6723,Active,CONTRACTOR,,87,Alerton,"511 Sigma Drive  Fredericksburg, VA 22408",USD,CJBS
Richmond-C&J-Building Automation,WARWICK MECHANICAL GROUP,2024-09-01,2027-04-06,Lewis Ginter Botanical Garden,CJBS_Billable Project Type,CJBS PU,0124-5249,Renovation,0124-5249,Active,CONTRACTOR,"Suttles, Jonathan",61.32653061,JCI FX,"1800 Lakeside Ave Henrico, VA 23228",USD,CJBS
Richmond-C&J-Building Automation,GREEN AIR,2025-03-01,2027-05-01,Lynchburg CSO 52 Storage,CJBS_Billable Project Type,CJBS PU,0125-6423,New Construction,0125-6423,Active,CONTRACTOR,"Tees, Jason",267,JCI FX,"900 Church Street  Lynchburg, VA 24504",USD,CJBS
Richmond-C&J-Building Automation,SOUTHERN AIR,2026-02-01,2026-11-01,MRMC MOB-1 Suite 310 Reno,CJBS_Billable Project Type,CJBS PU,0126-7127,Renovation,0126-7127,Active,CONTRACTOR,"Seay, Kyle",61.48005077,JCI - FX,"8260 Atlee Road  Mechanicsville, VA 23116",USD,CJBS
Richmond-C&J-Building Automation,ICE HEATING & COOLING,2023-11-01,2026-11-01,Massaponax WWTP,CJBS_Billable Project Type,CJBS PU,0123-5035,Renovation,0123-5035,Active,CONTRACTOR,"Flagg, Daniel",83.13162651,Schneider,"10900 HCC Dr. Fredericksburg, VA 22408",USD,CJBS
Richmond-C&J-Building Automation,GREEN AIR,2025-02-01,2026-10-01,"Mid Atlantic Retail - Warehouse BLDGS A, B, C",CJBS_Billable Project Type,CJBS PU,0125-5482,New Construction,0125-5482,Active,CONTRACTOR,"Martinez, Joseph",87,Wiring Only,"12413 Genito Rd Midlothian, VA 23112",USD,CJBS
Richmond-C&J-Services,ASRC FEDERAL SYSTEMS SOLUTIONS INC,2025-04-01,2026-09-01,NRL - Blossom Point Service Agreement,CJBS_Billable Project Type,CJBS PU,0125-6389,Service Contract,0125-6389,Active,CONTRACTOR,"Garter, Matthew",104.4,Tridium,"Blossom Point Rd.  Welcome, MD 20693",USD,CJBS
Richmond-C&J-Services,NORFOLK CHRISTIAN,2026-07-01,2027-09-01,Norfolk Christian SA 26-27,CJBS_Billable Project Type,CJBS PU,0126-7353,Service Contract,0126-7353,Active,CONTRACTOR,,91.35,Tridium,"255 Thole St. Norfolk, VA 23505",USD,CJBS
Richmond-C&J-Services,NORFOLK CHRISTIAN,2025-08-01,2026-10-01,Norfolk Christian Service Agreement 2025-2026,CJBS_Billable Project Type,CJBS PU,0125-5925,Service Contract,0125-5925,Active,CONTRACTOR,"Seay, Kyle",91.35,Tridium,"255 Thole St. Norfolk, VA 23505",USD,CJBS
Richmond-C&J-Building Automation,DAVKEN MECHANICAL INC,2026-06-01,2028-02-01,ORF ConRAC,CJBS_Billable Project Type,CJBS PU,0126-7366,Renovation,0126-7366,Active,CONTRACTOR,"Martinez, Joseph",151.3,Schneider Electric,"2200 Norview Ave Norfolk, VA 23518",USD,CJBS
Richmond-C&J-Services,RANGE COMMERCIAL,2026-01-01,2027-03-01,OrthoVA Service Contract,CJBS_Billable Project Type,CJBS PU,0125-6019,Service Contract,0125-6019,Active,CONTRACTOR,"Halferty, April",87,Schneider,"15300 East West Road  Midlothian, VA 23114",USD,CJBS
Richmond-C&J-Services,COLLIERS INTERNATIONAL ASSET SERVICES LLC,2025-11-01,2026-12-01,PJP Service Agreement 25-26,CJBS_Billable Project Type,CJBS PU,0125-6216,Service Contract,0125-6216,Active,CONTRACTOR,"Seay, Kyle",87,Schneider,"600 Peter Jefferson Parkway Charlottesville, VA 22911",USD,CJBS
Richmond-C&J-Building Automation,EMC MECHANICAL SERVICES,2026-05-01,2027-11-01,Petersburg Courthouse,CJBS_Billable Project Type,CJBS PU,0126-6679,New Construction,0126-6679,Active,CONTRACTOR,"Flagg, Daniel",71.30856151,SE/SE,"Intersection of Monroe, E. Tabb, & Adams Streets Petersburg, VA 23803",USD,CJBS
Richmond-C&J-Services,POWHATAN COUNTY PUBLIC SCHOOLS,2026-02-01,2027-04-01,Powhatan HS Service Agreement,CJBS_Billable Project Type,CJBS PU,0126-6776,Service Contract,0126-6776,Active,CONTRACTOR,"Halferty, April",87,Schneider Tridium,"1800 Judes Ferry Rd Powhatan, VA 23139",USD,CJBS
Richmond-C&J-Services,ETEC,2026-05-01,2027-03-01,Premium Dist VAV Replace,CJBS_Billable Project Type,CJBS PU,0126-7183,Service Quoted,0126-7183,Active,CONTRACTOR,"Seay, Taylor",0,Others,"2290 Dabney Road  Richmond, VA 23230",USD,CJBS
Richmond-C&J-Building Automation,ICE HEATING & COOLING,2026-01-01,2027-03-01,Proctors Creek Admin and Control Buildings,CJBS_Billable Project Type,CJBS PU,0126-6719,Renovation,0126-6719,Active,CONTRACTOR,"Tees, Jason",56.48698011,Schneider Electric,"1200 Coxendale Road  Chester, VA 23836",USD,CJBS
Richmond-C&J-Building Automation,M&E CONTRACTORS,2025-02-01,2027-02-01,Project Rocky,CJBS_Billable Project Type,CJBS PU,0125-6138,New Construction,0125-6138,Active,CONTRACTOR,"Flagg, Daniel",51,Wiring Only,"1990 Ashland Rd  Rockville, VA 23146",USD,CJBS
Richmond-C&J-Building Automation,ATLANTIC CONSTRUCTORS INC,2026-05-01,2027-05-01,ROSENDIN Richmond Office,CJBS_Billable Project Type,CJBS PU,0126-7264,New Construction,0126-7264,Active,CONTRACTOR,"Suttles, Jonathan",62.3,SE/SE,"10383 LAKERIDGE PARKWAY HANOVER COUNTY, VIRGINIA 23005",USD,CJBS
Richmond-C&J-Building Automation,HARRIS HEATING & PLUMBING CO,2025-01-01,2027-01-22,Red River Food Group Reno,CJBS_Billable Project Type,CJBS PU,0125-6233,Renovation,0125-6233,Active,CONTRACTOR,"Suttles, Jonathan",63.99222399,Schneider ,"6207 Settler Road  Henrico, VA 23231",USD,CJBS
Richmond-C&J-Services,M&E CONTRACTORS,2025-12-01,2027-02-26,Region Ten Level Two Reno,CJBS_Billable Project Type,CJBS PU,0125-7054,Service Quoted,0125-7054,Active,CONTRACTOR,"Seay, Kyle",60,JCI - FX,"110 Avon Street  Charlottesville, Virginia 22902",USD,CJBS
Richmond-C&J-Services,M&E CONTRACTORS,2025-06-01,2027-01-08,Region Ten Office Reno,CJBS_Billable Project Type,CJBS PU,0125-6636,Service Quoted,0125-6636,Active,CONTRACTOR,"Seay, Kyle",141.809839,JCI FX,"110 Avon Street  Charlottesville, VA 22902, 2026/05/31",USD,CJBS
Richmond-C&J-Services,MARTIN HORN,2026-01-01,2026-11-01,Region Ten Thermostat Replacements,CJBS_Billable Project Type,CJBS PU,0126-7036,Service Quoted,0126-7036,Active,CONTRACTOR,"Seay, Kyle",87,JCI,"110 Avon St. Charlottesville, VA 22902",USD,CJBS
Richmond-C&J-Building Automation,OLD DOMINION MECHANICAL (C),2025-12-01,2027-08-01,Richmond Airport ARFF Station,CJBS_Billable Project Type,CJBS PU,0125-6631,New Construction,0125-6631,Active,CONTRACTOR,"Suttles, Jonathan",89,SE Tridium,,USD,CJBS
Richmond-C&J-Building Automation,MILLER MECHANICAL,2026-05-01,2027-01-01,Richmond National Westmark 4th Floor,CJBS_Billable Project Type,CJBS PU,0126-7332,Renovation,0126-7332,Active,CONTRACTOR,"Seay, Kyle",63.15789474,SE and Pnuematic,"11013 West Broad Street  Glen Allen, Virginia 23060",USD,CJBS
,GREEN AIR,2025-05-01,2027-01-01,Riverside Patriots Colony,CJBS_Billable Project Type,CJBS PU,0125-6122,,0125-6122,Active,CONTRACTOR,"Suttles, Jonathan",86.28017421,Schneider,"6000 Patriots Colony Drive  Williamsburg, VA 23188",USD,CJBS
Richmond-C&J-Services,STONEBRIDGE SCHOOL,2025-11-01,2026-12-01,Stonebridge School Service Agreement,CJBS_Billable Project Type,CJBS PU,0125-6158,Service Contract,0125-6158,Active,CONTRACTOR,"Halferty, April",87,Schneider,"1629 Joliff Road  Chesapeake, VA 23321",USD,CJBS
Richmond-C&J-Building Automation,HOWELL'S HEATING & AIR,2026-01-01,2028-07-01,The Virginia Home,CJBS_Billable Project Type,CJBS PU,0125-6182,New Construction,0125-6182,Active,CONTRACTOR,"Flagg, Daniel",43.6469434,Schneider Electric,"### Left Flank Road  Mechanicsville, VA 23116",USD,CJBS
Richmond-C&J-Building Automation,WELDING PROCESS & MECHANICAL INC,2025-12-01,2026-08-01,U of R Steam Plant - UPS Add - DA & Brl Ctrl,CJBS_Billable Project Type,CJBS PU,0125-7074,Renovation,0125-7074,Active,CONTRACTOR,"Suttles, Jonathan",44.5,Schneider / Tridium,"University of Richmond Steam Plant Richmond, VA 23173",USD,CJBS
Richmond-C&J-Building Automation,RIDDLEBERGER BROTHERS,2025-05-01,2027-02-01,UVA Alumni Hall,CJBS_Billable Project Type,CJBS PU,0125-5988,New Construction,0125-5988,Active,CONTRACTOR,"Flagg, Daniel",115.7,Schneider,"211 Emmet St South  Charlottesville, VA 22903",USD,CJBS
Richmond-C&J-Building Automation,BLAUCH BROTHERS,2025-01-01,2027-05-11,UVA Community Credit Union,CJBS_Billable Project Type,CJBS PU,0125-5829,New Construction,0125-5829,Active,CONTRACTOR,"Flagg, Daniel",145.3828419,Schneider Jace and Field Controllers,"1201 5th Street  Charlottesville, VA 22902",USD,CJBS
Richmond-C&J-Building Automation,WACO INC,2024-10-01,2027-01-01,VCBR RTU Replacement,,CJBS PU,0124-5809,Renovation,0124-5809,Active,CONTRACTOR,"Suttles, Jonathan",99.60583333,,"4901 Patrick Henry HWY  Burkeville, VA 23922",USD,CJBS
Richmond-C&J-Building Automation,EMC MECHANICAL SERVICES,2025-11-01,2027-07-01,VCUHS Chesterfield ASC MOB,CJBS_Billable Project Type,CJBS PU,0125-6535,New Construction,0125-6535,Active,CONTRACTOR,"Suttles, Jonathan",62.3,Schneider,"9820 Iron Bridge Rd Chesterfield, VA 23832",USD,CJBS
,B&W MECHANICAL,2026-05-01,2027-07-01,VDACS Harrisonburg Lab Addition,CJBS_Billable Project Type,CJBS PU,0126-7225,New Construction,0126-7225,Active,CONTRACTOR,"Martinez, Joseph",267,JCI FX,"261 Mt Clinton Pike  Harrisonburg, VA 22802",USD,CJBS
Richmond-C&J-Building Automation,GREEN AIR,2024-01-01,2026-09-01,VDOC - Fluvanna HVAC Replacement IFB-18299,CJBS_Billable Project Type,CJBS PU,0124-5167,Renovation,0124-5167,Active,CONTRACTOR,"Tees, Jason",94.22755418,JCI FX,"144 Prison Ln Troy, VA 22974",USD,CJBS
Richmond-C&J-Building Automation,WACO INC,2024-10-01,2026-12-31,VDOC Baskerville Airplane Bldg,CJBS_Billable Project Type,CJBS PU,0124-5897,Renovation,0124-5897,Active,CONTRACTOR,"Tees, Jason",153.908911,JCI FX - extenstion of existing JCI NAE,"4150 Hayes Mill Road Baskerville, VA 23915",USD,CJBS
Richmond-C&J-Building Automation,OLD DOMINION MECHANICAL (C),2026-06-01,2027-06-01,VDOC Beaumont Spradlin Reno,CJBS_Billable Project Type,CJBS PU,0126-7205,Renovation,0126-7205,Active,CONTRACTOR,"Tees, Jason",89,SE Tridium,"3500 Beaumont Road  Beaumont, Virginia 23014",USD,CJBS
Richmond-C&J-Building Automation,OLD DOMINION MECHANICAL (C),2025-07-01,2026-12-01,VDOT - Stanardsville Combo Bldg,CJBS_Billable Project Type,CJBS PU,0125-6499,New Construction,0125-6499,Active,CONTRACTOR,"Suttles, Jonathan",171.089209,Schneider Tridium,"131 Fredericksburg Road  Greene County, VA 22968",USD,CJBS
Richmond-C&J-Building Automation,COLONIAL WEBB CONTRACTORS,2026-04-01,2027-05-01,VSU Johnnella Jackson Hall,CJBS_Billable Project Type,CJBS PU,0126-7182,,0126-7182,Active,CONTRACTOR,"Tees, Jason",89,SE,"3224 Hayden Street  Petersburg, VA 23806",USD,CJBS
Richmond-C&J-Building Automation,SOUTHERN AIR,2026-02-01,2027-02-01,VSU Lindsay Montague Improve HVAC,CJBS_Billable Project Type,CJBS PU,0126-6975,Renovation,0126-6975,Active,CONTRACTOR,"Tees, Jason",133.5,SE / JCI-FX,"21201 Hayden Drive  Petersburg, VA 23806",USD,CJBS
Richmond-C&J-Services,VIRGINIA VETERINARY CENTERS,2025-12-01,2027-02-01,VVC Short Pump Svc Agreement,CJBS_Billable Project Type,CJBS PU,0125-6955,Service Contract,0125-6955,Active,CONTRACTOR,"Halferty, April",87,Schneider,"4300 Greybull Drive  Richmond, VA 23233",USD,CJBS
Richmond-C&J-Services,SCRIPPS,2026-01-01,2027-03-01,WTKR Norfolk - 2026 - Ctrls SA,CJBS_Billable Project Type,CJBS PU,0126-7060,Service Contract,0126-7060,Active,CONTRACTOR,"Martinez, Joseph",130.5,Schneider Tridium,"720 Boush St. Norfolk, VA 23510",USD,CJBS
,JRC MECHANICAL,2024-07-01,2026-09-01,Western Branch VA CBOC,CJBS_Billable Project Type,CJBS PU,0124-5183,New Construction,0124-5183,Active,CONTRACTOR,"Flagg, Daniel",147.7831899,Schneider Electric,"Chesapeake Square Ring Rd Chesapeake, VA 23321",USD,CJBS
Richmond-C&J-Building Automation,PIEDMONT SERVICE GROUP,2026-04-01,2026-10-01,Westmark 2 - Chiller Replace,CJBS_Billable Project Type,CJBS PU,0126-7204,Renovation,0126-7204,Active,CONTRACTOR,"Seay, Kyle",62.3,TBD,"11013 West Broad Street  Glen Allen, Virginia 23060",USD,CJBS
Richmond-C&J-Services,PIEDMONT SERVICE GROUP,2026-05-01,2026-11-01,Westmark One Chiller Replace,CJBS_Billable Project Type,CJBS PU,0126-7334,Service Quoted,0126-7334,Active,CONTRACTOR,"Seay, Kyle",125,,"11011 West Broad Street  Glen Allen, Virginia 23060",USD,CJBS
Richmond-C&J-Building Automation,DAVKEN MECHANICAL INC,2024-11-01,2027-01-29,Williamsburg Landing Community Center,CJBS_Billable Project Type,CJBS PU,0124-5676,New Construction,0124-5676,Active,CONTRACTOR,"Suttles, Jonathan",80.13726133,Schneider ,"5700 Williamsburg Landing Drive Williamsburg, VA 23185",USD,CJBS
Richmond-C&J-Building Automation,BLAUCH BROTHERS,2025-10-01,2027-05-03,Winchester Equip - Harrisonburg Location,CJBS_Billable Project Type,CJBS PU,0125-6739,New Construction,0125-6739,Active,CONTRACTOR,"Desoto, Christopher",221,Wiring Only,"160 Carpenter Lane  Harrisonburg, VA 22801",USD,CJBS
Richmond-C&J-Building Automation,BLAUCH BROTHERS,2025-10-01,2027-05-03,Winchester Equip - Harrisonburg Location,CJBS_Billable Project Type,CJBS PU,0125-6739,New Construction,0125-6739,Active,CONTRACTOR,"Desoto, Christopher",221,Wiring Only,,USD,CJBS
Richmond-C&J-Building Automation,DAVKEN MECHANICAL INC,2024-11-01,2027-01-29,Williamsburg Landing Community Center,CJBS_Billable Project Type,CJBS PU,0124-5676,New Construction,0124-5676,Active,CONTRACTOR,"Suttles, Jonathan",80.13726133,Schneider ,"5700 Williamsburg Landing Drive Williamsburg, VA 23185",USD,CJBS
Richmond-C&J-Building Automation,DAVKEN MECHANICAL INC,2024-11-01,2027-01-29,Williamsburg Landing Community Center,CJBS_Billable Project Type,CJBS PU,0124-5676,New Construction,0124-5676,Active,CONTRACTOR,"Suttles, Jonathan",80.13726133,Schneider ,"5700 Williamsburg Landing Drive Williamsburg, VA 23185",USD,CJBS
Richmond-C&J-Building Automation,DAVKEN MECHANICAL INC,2024-11-01,2027-01-29,Williamsburg Landing Community Center,CJBS_Billable Project Type,CJBS PU,0124-5676,New Construction,0124-5676,Active,CONTRACTOR,"Suttles, Jonathan",80.13726133,Schneider ,"5700 Williamsburg Landing Drive Williamsburg, VA 23185",USD,CJBS
Richmond-C&J-Building Automation,DAVKEN MECHANICAL INC,2024-11-01,2027-01-29,,CJBS_Billable Project Type,CJBS PU,0124-5676,New Construction,0124-5676,Active,CONTRACTOR,"Suttles, Jonathan",80.13726133,Schneider ,"5700 Williamsburg Landing Drive Williamsburg, VA 23185",USD,CJBS
Richmond-C&J-Building Automation,HOWELL'S HEATING & AIR,2024-10-01,2027-01-01,Avon Operations Center,CJBS_Billable Project Type,CJBS PU,0124-5586,New Construction,0124-5586,Active,CONTRACTOR,"Tees, Jason",94.8295,Schneider,"1741 Avon Street Extended  Charlottesville, VA 22902",USD,CJBS
,,NaT,NaT,,,,,,,,,,,,,,
Richmond-C&J-Building Automation,GREEN AIR,2025-03-01,2027-05-01,Lynchburg CSO 52 Storage,CJBS_Billable Project Type,CJBS PU,0125-6423,New Construction,0125-6423,Active,CONTRACTOR,"Tees, Jason",267,JCI FX,"900 Church Street  Lynchburg, VA 24504",USD,CJBS
