Project Name,Project Number,Project Status,Project Unit,Project Type,Project Manager,Customer,Start Date,Finish Date,Project Description,Operating Company (OpCo),Branch,Project Ledger Currency,Quote Number,Contract Type,Product Estimated,Distribution To,Cost Per Trip/Day
1701 Fall Hill SA 26-27,0126-6906,Active,CJBS PU,CJBS_Billable Project Type,"Halferty, April",THALHIMER,2026-03-01 00:00:00,2027-05-01 00:00:00,"1701 Fall Hill Ave Fredericksburg, VA 22401",CJBS,Richmond-C&J-Services,USD,0126-6906,Service Contract,Tridium,CONTRACTOR,87
ABB Regen Test Bay,0125-5992,Active,CJBS PU,CJBS_Billable Project Type,"Suttles, Jonathan",COMFORT SYSTEMS INC,2025-04-01 00:00:00,2027-05-31 00:00:00,"5900 Eastport Blvd Richmond, VA 23231",CJBS,Richmond-C&J-Building Automation,USD,0125-5992,New Construction,Custom Panel,CONTRACTOR,44.5
ACRJ Service Contract Renewal 25-26,0126-7065,Active,CJBS PU,CJBS_Billable Project Type,"Halferty, April",,2025-12-01 00:00:00,2026-12-01 00:00:00,"160 Peregory Lane  Charlottesville, VA 22902",CJBS,Richmond-C&J-Services,USD,0126-7065,Service Contract,,CONTRACTOR,87
Albemarle Co HS Center - Annexair Unit Controls,0125-6573,Active,CJBS PU,CJBS_Billable Project Type,"Suttles, Jonathan",HOBBS & ASSOCIATES,2025-04-01 00:00:00,2027-01-01 00:00:00,"2775 Hydraulic Road  Charlottesville, VA",CJBS,Richmond-C&J-Building Automation,USD,0125-6573,Renovation,Schneider AS-B,CONTRACTOR,151.3
Atlantic Park_Dome Program Mods May26,0126-7378,Active,CJBS PU,CJBS_Billable Project Type,"Martinez, Joseph",BURGESS & NIPLE INC,2026-05-01 00:00:00,2027-01-01 00:00:00,"400 20th St. Virginia Beach, VA 23451",CJBS,Richmond-C&J-Services,USD,0126-7378,Service Quoted,Schneider,CONTRACTOR,139.2
Avon Operations Center,0124-5586,Active,CJBS PU,CJBS_Billable Project Type,"Tees, Jason",HOWELL'S HEATING & AIR,2024-10-01 00:00:00,2027-01-01 00:00:00,"1741 Avon Street Extended  Charlottesville, VA 22902",CJBS,Richmond-C&J-Building Automation,USD,0124-5586,New Construction,Schneider,CONTRACTOR,94.8295
BSMH - ORC HVAC Upgrades,0125-6136,Active,CJBS PU,CJBS_Billable Project Type,"Flagg, Daniel",ATLANTIC CONSTRUCTORS INC,2025-02-01 00:00:00,2026-08-01 00:00:00,,CJBS,Richmond-C&J-Building Automation,USD,0125-6136,Renovation,JCI FX or Schneider Tridium,CONTRACTOR,22.04785929
BSMH RGH Lab Equip PH2,0125-6737,Active,CJBS PU,CJBS_Billable Project Type,"Flagg, Daniel",WARWICK MECHANICAL GROUP,2025-07-01 00:00:00,2026-11-01 00:00:00,,CJBS,Richmond-C&J-Building Automation,USD,0125-6737,Renovation,Tridium / Schneider,CONTRACTOR,178
BSMH RGH Patient Wing Renovation,0124-5395,Active,CJBS PU,CJBS_Billable Project Type,"Flagg, Daniel",,2024-11-01 00:00:00,2027-07-01 00:00:00,"101 Harris Road  Kilmarnock, VA 22482",CJBS,Richmond-C&J-Building Automation,USD,0124-5395,Renovation,Tridium Schneider,CONTRACTOR,121.6990758
BSMH Short Pump ASC,0125-6027,Active,CJBS PU,CJBS_Billable Project Type,"Flagg, Daniel",M&E CONTRACTORS,2025-08-01 00:00:00,2027-02-01 00:00:00,"12320 West Broad St.  Henrico, VA 23233",CJBS,Richmond-C&J-Building Automation,USD,0125-6027,New Construction,Schneider Tridium,CONTRACTOR,44.5
,0126-6593,Active,CJBS PU,CJBS_Billable Project Type,"Flagg, Daniel",M&E CONTRACTORS,2026-02-01 00:00:00,2027-04-01 00:00:00,"13701 Bon Secours Drive  Midlothian, VA 23114",CJBS,Richmond-C&J-Building Automation,USD,0126-6593,New Construction,Schneider Tridium,CONTRACTOR,44.5
BSMH St Francis MOB 2nd 3rd Fitout,0125-6879,Active,CJBS PU,CJBS_Billable Project Type,"Flagg, Daniel",HOWELL'S HEATING & AIR,2025-12-01 00:00:00,2026-12-01 00:00:00,"13701 Bon Secours Drive  Midlothian, VA 23114",CJBS,Richmond-C&J-Building Automation,USD,0125-6879,New Construction,SE - Tridium,CONTRACTOR,44.5
BSMH St. Francis MOB Core Shell,0125-6047,Active,CJBS PU,CJBS_Billable Project Type,"Flagg, Daniel",M&E CONTRACTORS,2025-08-01 00:00:00,2026-11-01 00:00:00,"13701 Bon Secours Drive  Richmond, VA 23114",CJBS,Richmond-C&J-Building Automation,USD,0125-6047,New Construction,Schneider Tridium,CONTRACTOR,56.22625286
BSMH St. Marys MOB N OPIC,0126-7134,Active,CJBS PU,CJBS_Billable Project Type,"Seay, Kyle",MILLER MECHANICAL,2026-03-01 00:00:00,2027-01-01 00:00:00,"5855 Bremo Road, Suite 605  Richmond, VA 23226",CJBS,Richmond-C&J-Services,USD,0126-7134,Service Quoted,SE Tridium,CONTRACTOR,62.3
Brooks YMCA,0125-6775,Active,CJBS PU,CJBS_Billable Project Type,"Halferty, April",BROOKS FAMILY YMCA,2025-11-01 00:00:00,2027-01-01 00:00:00,"151 McIntire Park Drive Charlottesville, VA 22902",CJBS,Richmond-C&J-Services,USD,0125-6775,Service Contract,,CONTRACTOR,87
Buckingham WWTP,0124-5263,Active,CJBS PU,CJBS_Billable Project Type,"Dodd, Sean",GREEN AIR,2024-03-01 00:00:00,2027-02-01 00:00:00,"VA-20 Dillwyn, VA 23936",CJBS,Richmond-C&J-Building Automation,USD,0124-5263,New Construction,Wiring Only,CONTRACTOR,139.2
,0124-5803,Active,CJBS PU,CJBS_Billable Project Type,"Flagg, Daniel",ATLANTIC CONSTRUCTORS INC,2024-07-01 00:00:00,2027-11-01 00:00:00,"Chesapeake Bay Bridge and Tunnel District Cape Charles, VA 23310",CJBS,Richmond-C&J-Building Automation,USD,0124-5803,New Construction,Schneider Electric,CONTRACTOR,151.3165577
,0125-6794,Active,CJBS PU,CJBS_Billable Project Type,"Tees, Jason",GREEN AIR,2025-12-01 00:00:00,2027-10-01 00:00:00,"7318 Midlothian Turnpike  North Chesterfield, VA 23225",CJBS,Richmond-C&J-Building Automation,USD,0125-6794,New Construction,SE Tridium,CONTRACTOR,62.3
CCPS - New West Area Elem - Service Contract,0124-6131,Active,CJBS PU,CJBS_Billable Project Type,,HARRIS HEATING & PLUMBING CO,2026-09-01 00:00:00,2029-11-01 00:00:00,"17160 Westerleigh Parkway Moseley, VA 23120",CJBS,Richmond-C&J-Services,USD,0124-6131,Service Contract,,CONTRACTOR,87
CCPS - New West Area Elem School,0124-5916,Active,CJBS PU,CJBS_Billable Project Type,"Flagg, Daniel",HARRIS HEATING & PLUMBING CO,2024-11-01 00:00:00,2026-09-01 00:00:00,"17160 Westerleigh Parkway  Moseley, VA 23120",CJBS,Richmond-C&J-Building Automation,USD,0124-5916,New Construction,Schneider with JACE,CONTRACTOR,18.49483733
CMA CGM HQ 1st Floor,0125-6985,Active,CJBS PU,CJBS_Billable Project Type,"Flagg, Daniel",CMA CGM (AMERICA) LLC,2025-11-01 00:00:00,2026-09-01 00:00:00,"5701 Lake Wright Dr Norfolk, VA 23502",CJBS,Richmond-C&J-Building Automation,USD,0125-6985,Renovation,Schneider / Schneider,CONTRACTOR,104.4
CMA CGM HQ 3rd Floor,0124-4507,Active,CJBS PU,CJBS_Billable Project Type,"Flagg, Daniel",,2024-02-20 00:00:00,2026-10-20 00:00:00,"5701 Lake Wright Dr Norfolk, VA 23502",CJBS,Richmond-C&J-Building Automation,USD,0124-4507,Renovation,Schneider Electric,CONTRACTOR,143.1300218
COR Community Centers,0126-7313,Active,CJBS PU,CJBS_Billable Project Type,"Seay, Taylor",,2026-06-01 00:00:00,2027-08-01 00:00:00,"900 E Broad Street 4th Floor - Room 407 Richmond, VA 23219",CJBS,Richmond-C&J-Services,USD,0126-7313,Service Contract,,CONTRACTOR,87
COR WWTP Admin Building,0125-6731,Active,CJBS PU,CJBS_Billable Project Type,"Tees, Jason",,2025-11-01 00:00:00,2027-02-01 00:00:00,"1400 Brander Street  Richmond, VA 23224",CJBS,Richmond-C&J-Building Automation,USD,0125-6731,Renovation,JCI FX,CONTRACTOR,71.2
CTP-02,0125-6005,Active,CJBS PU,CJBS_Billable Project Type,"Garter, Matthew",SCHNEIDER ELECTRIC NATIONAL ACCOUNTS ©,2025-01-01 00:00:00,2029-05-04 00:00:00,"1401 Meadowville Technology Park Chester, VA 23836",CJBS,Richmond-C&J-Building Automation,USD,0125-6005,New Construction,No Product Required - Labor and ESUB only,CONTRACTOR,69.451465
Carter Bellwood Rental Store,0124-6046,Active,CJBS PU,CJBS_Billable Project Type,"Martinez, Joseph",HARRIS HEATING & PLUMBING CO,2024-10-01 00:00:00,2027-02-01 00:00:00,"1705 Bellwood Road  Richmond, VA 23237",CJBS,Richmond-C&J-Building Automation,USD,0124-6046,New Construction,JCI FX,CONTRACTOR,62.3
Chesterfield County Jail - HVAC Replacement,0125-5497,Active,CJBS PU,CJBS_Billable Project Type,"Tees, Jason",COLONIAL WEBB CONTRACTORS,2025-04-01 00:00:00,2026-12-01 00:00:00,"6900 Mimms Drive  Chesterfield, VA 23832",CJBS,Richmond-C&J-Building Automation,USD,0125-5497,Renovation,Schneider Tridium,CONTRACTOR,55.05392093
Chesterfield County New Animal Services Facility,0125-6147,Active,CJBS PU,CJBS_Billable Project Type,"Tees, Jason",RYCON CONSTRUCTION,2025-04-01 00:00:00,2027-01-01 00:00:00,"Government Center Parkway  Chesterfield County, VA 23832",CJBS,Richmond-C&J-Building Automation,USD,0125-6147,New Construction,Schneider Tridium,CONTRACTOR,62.3
Chesterfield Fleet & Midlo Library 2025-26 - SA,0125-6777,Active,CJBS PU,CJBS_Billable Project Type,"Seay, Kyle",CHESTERFIELD COUNTY,2025-08-01 00:00:00,2026-10-01 00:00:00,"6609 Public Works Court Chesterfield, VA 23832",CJBS,Richmond-C&J-Services,USD,0125-6777,Service Contract,Tridium,CONTRACTOR,87
Dept of Agriculture - Ctrls - SA 2024,0124-5638,Active,CJBS PU,CJBS_Billable Project Type,"Martinez, Joseph",VIRGINIA DEPARTMENT OF AGRICULTURE AND CONSUMER SERVICES,2024-06-01 00:00:00,2026-12-01 00:00:00,"261 Mt. Clinton Pike Harrisonburg, VA 22802",CJBS,Richmond-C&J-Services,USD,0124-5638,Service Contract,Existing JCI,CONTRACTOR,105.125
Dominion - NAPS - DCER AC-150 & 158 Ctrls,0125-6887,Active,CJBS PU,CJBS_Billable Project Type,"Martinez, Joseph",DOMINION ENERGY ©,2025-12-01 00:00:00,2027-08-01 00:00:00,"1022 Haley Dr Mineral, VA 23117",CJBS,Richmond-C&J-Building Automation,USD,0125-6887,Renovation,JCI FX,CONTRACTOR,97.9
Dominion - NAPS - DCER AC-150 - 158 Mtrl,0124-5569,Active,CJBS PU,CJBS_Billable Project Type,"Martinez, Joseph",INTEGRITY CONSTRUCTION MANAGEMENT LLC,2024-09-01 00:00:00,2027-03-01 00:00:00,"1022 Haley Dr. Mineral, VA 23117",CJBS,Richmond-C&J-Building Automation,USD,0124-5569,Renovation,JCI FX,CONTRACTOR,97.9
Dominion North Anna Service Agreement,0126-7115,Active,CJBS PU,CJBS_Billable Project Type,"Halferty, April",DOMINION ENERGY ©,2026-03-01 00:00:00,2027-05-01 00:00:00,"1022 Haley Drive Mineral, VA 23117",CJBS,Richmond-C&J-Services,USD,0126-7115,Service Contract,,CONTRACTOR,87
Dominion Packaging Press Room,0125-6677,Active,CJBS PU,CJBS_Billable Project Type,"Tees, Jason",OLD DOMINION MECHANICAL (C),2025-12-01 00:00:00,2026-11-01 00:00:00,"2708 Seven Hill Blvd Henrico, VA 23231",CJBS,Richmond-C&J-Building Automation,USD,0125-6677,Renovation,TBD,CONTRACTOR,58.17241379
Dominion TFF Service Agreement,0126-7159,Active,CJBS PU,CJBS_Billable Project Type,"Halferty, April",DOMINION ENERGY ©,2026-03-01 00:00:00,2027-05-01 00:00:00,"600 East Canal St. Richmond, VA 23219",CJBS,Richmond-C&J-Services,USD,0126-7159,Service Contract,Tridium ,CONTRACTOR,87
EyeCare Partners - 2nd Flr - Norfolk 2026 SA,0126-7356,Active,CJBS PU,CJBS_Billable Project Type,,MILLER MECHANICAL,2026-07-01 00:00:00,2027-07-01 00:00:00,"200 Corporate Blvd. Norfolk, VA 23502",CJBS,Richmond-C&J-Services,USD,0126-7356,Service Contract,Tridium,CONTRACTOR,87
EyeCare Partners - Surgery Center - Norfolk - 2026 SA,0126-7357,Active,CJBS PU,CJBS_Billable Project Type,"Martinez, Joseph",MILLER MECHANICAL,2026-06-01 00:00:00,2027-08-01 00:00:00,"200 Corporate Blvd. Norfolk, VA 23502",CJBS,Richmond-C&J-Services,USD,0126-7357,Service Contract,Tridium,CONTRACTOR,182.7
Feed More Service Agreement 25-26,0125-6193,Active,CJBS PU,CJBS_Billable Project Type,"Seay, Kyle",FEED MORE,2025-12-01 00:00:00,2027-01-01 00:00:00,"8020 Villa Park Dr. Richmond, VA 23228",CJBS,Richmond-C&J-Services,USD,0125-6193,Service Contract,Schneider,CONTRACTOR,46.84615385
Flying Squirrels New Stadium,0124-5751,Active,CJBS PU,CJBS_Billable Project Type,"Suttles, Jonathan",EMC MECHANICAL SERVICES,2024-11-01 00:00:00,2027-03-26 00:00:00,"2929 N. Arthur Ashe Blvd.  Richmond, VA 23230",CJBS,Richmond-C&J-Building Automation,USD,0124-5751,New Construction,Tridium / SE,CONTRACTOR,66.1939887
Friendship Court – CRC,0125-4435,Active,CJBS PU,CJBS_Billable Project Type,"Suttles, Jonathan",M&E CONTRACTORS,2025-02-01 00:00:00,2026-09-01 00:00:00,"625 6th ST. SE Charlottesville, VA 22902",CJBS,Richmond-C&J-Building Automation,USD,0125-4435,New Construction,Belimo ,CONTRACTOR,13.28992629
Ft Belvoir -305 Controls SA,0125-6282,Active,CJBS PU,CJBS_Billable Project Type,,QINETIQ INC,2025-03-01 00:00:00,2026-09-30 00:00:00,"5961 Putnam Rd Fort Belvoir, VA 22060, 2026/04/30",CJBS,Richmond-C&J-Services,USD,0125-6282,Service Contract,Tridium,CONTRACTOR,139.2
Ft Belvoir Bldg 357 Controls SA,0126-7161,Active,CJBS PU,CJBS_Billable Project Type,"Halferty, April",CACI,2026-04-01 00:00:00,2027-06-01 00:00:00,"5961 Putnam Road  Ft. Belvoir, VA 22060",CJBS,Richmond-C&J-Services,USD,0126-7161,Service Contract,,CONTRACTOR,87
Ft. Barfoot - SA 26-27,0126-7209,Active,CJBS PU,CJBS_Billable Project Type,"Halferty, April",T&H SERVICES,2026-04-01 00:00:00,2027-06-01 00:00:00,"2349 Military Rd Blackstone, VA 23824",CJBS,Richmond-C&J-Services,USD,0126-7209,Service Contract,JCI FX,CONTRACTOR,87
GIA Moorefield - Clinic Admin,0126-7260,Active,CJBS PU,CJBS_Billable Project Type,"Suttles, Jonathan",OLD DOMINION MECHANICAL (C),2026-04-01 00:00:00,2027-06-01 00:00:00,"800 Moorefield Park Drive  Richmond, VA 23236",CJBS,Richmond-C&J-Building Automation,USD,0126-7260,Renovation,SE,CONTRACTOR,62.3
GIA Moorefield - Core & Shell,0126-6760,Active,CJBS PU,CJBS_Billable Project Type,"Suttles, Jonathan",OLD DOMINION MECHANICAL (C),2026-04-01 00:00:00,2027-06-01 00:00:00,"800 Moorefield Park Drive  Richmond, VA 23236",CJBS,Richmond-C&J-Building Automation,USD,0126-6760,Renovation,SE,CONTRACTOR,62.3
GIA Moorefield - Endoscopy,0126-7259,Active,CJBS PU,CJBS_Billable Project Type,"Suttles, Jonathan",OLD DOMINION MECHANICAL (C),2026-04-01 00:00:00,2027-06-01 00:00:00,"800 Moorefield Park Drive  Richmond, VA 23236",CJBS,Richmond-C&J-Building Automation,USD,0126-7259,Renovation,SE,CONTRACTOR,62.3
HCA HDH Labor and Delivery,0125-6981,Active,CJBS PU,CJBS_Billable Project Type,"Seay, Kyle",ETEC,2025-11-01 00:00:00,2026-11-01 00:00:00,"1602 Skipwith Road  Richmond, VA 23229",CJBS,Richmond-C&J-Services,USD,0125-6981,Service Quoted,JCI - FX,CONTRACTOR,60.88565794
Hanover Doswell Fire Station 4,0126-7193,Active,CJBS PU,CJBS_Billable Project Type,"Suttles, Jonathan",ICE HEATING & COOLING,2026-06-01 00:00:00,2027-10-01 00:00:00,"16243 Washington Highway  Doswell, Virginia 23047",CJBS,,USD,0126-7193,New Construction,SE Tridium,CONTRACTOR,89
IAD 557 ACB,0126-7359,Active,CJBS PU,CJBS_Billable Project Type,"Garter, Matthew",ATLANTIC CONSTRUCTORS INC,2026-05-01 00:00:00,2027-07-01 00:00:00,"2694 Jefferson Highway Louisa, VA 23093",CJBS,Richmond-C&J-Building Automation,USD,0126-7359,New Construction,SE,CONTRACTOR,89
IAD 557 CAB,0126-7360,Active,CJBS PU,CJBS_Billable Project Type,"Garter, Matthew",ATLANTIC CONSTRUCTORS INC,2026-05-01 00:00:00,2027-07-01 00:00:00,"2694 Jefferson Highway Louisa, VA 23093",CJBS,Richmond-C&J-Building Automation,USD,0126-7360,New Construction,SE,CONTRACTOR,89
IAD 557 DH Office DH Wiring,0126-6456,Active,CJBS PU,CJBS_Billable Project Type,"Garter, Matthew",ATLANTIC CONSTRUCTORS INC,2026-05-01 00:00:00,2027-09-01 00:00:00,"2694 Jefferson Highway Lousia, VA 23093",CJBS,Richmond-C&J-Building Automation,USD,0126-6456,New Construction,SE,CONTRACTOR,67.93706294
IAD-457 Ancillary Buildings,0126-7129,Active,CJBS PU,CJBS_Billable Project Type,"Garter, Matthew",,2026-03-01 00:00:00,2027-12-01 00:00:00,"6006 Mallard Road Woodford, VA 22580",CJBS,Richmond-C&J-Building Automation,USD,0126-7129,New Construction,SE,CONTRACTOR,72
IAD-457 Mattameade Data Center,0126-6087,Active,CJBS PU,CJBS_Billable Project Type,"Garter, Matthew",COLONIAL WEBB CONTRACTORS,2026-03-01 00:00:00,2027-12-01 00:00:00,"6006 Mallard Road Woodford, VA 22580",CJBS,Richmond-C&J-Building Automation,USD,0126-6087,New Construction,SE,CONTRACTOR,82.19571983
IAD-557 AWB,0126-7020,Active,CJBS PU,CJBS_Billable Project Type,"Flagg, Daniel",ATLANTIC CONSTRUCTORS INC,2026-02-01 00:00:00,2027-10-01 00:00:00,"Route 33 Louisa, VA 23093",CJBS,Richmond-C&J-Building Automation,USD,0126-7020,New Construction,Schneider Electric,CONTRACTOR,75.49022606
Ice Arena at Chesterfield,0125-6195,Active,CJBS PU,CJBS_Billable Project Type,"Tees, Jason",HOWELL'S HEATING & AIR,2025-02-01 00:00:00,2027-01-01 00:00:00,2300 Genito Place  Chesterfield VA 23832,CJBS,Richmond-C&J-Building Automation,USD,0125-6195,New Construction,,CONTRACTOR,0
Innovas OEM Tridum Solution,0123-5135,Active,CJBS PU,CJBS_Billable Project Type,"Desoto, Christopher",GREENLINE TECHNICAL GROUP INC,2024-02-01 00:00:00,2027-02-01 00:00:00,Virtual,CJBS,Richmond-C&J-Building Automation,USD,0123-5135,New Construction,Schneider Tridium,CONTRACTOR,87
Jefferson Scholars Service Agreement 25-26,0125-6215,Active,CJBS PU,CJBS_Billable Project Type,"Halferty, April",JEFFERSON SCHOLARS FOUNDATION,2025-11-01 00:00:00,2027-01-01 00:00:00,"112 Clarke Court  Charlottesville, VA 22903",CJBS,Richmond-C&J-Services,USD,0125-6215,Service Contract,,CONTRACTOR,104.4
Kaeser Compressors Service Agreement,0125-6723,Active,CJBS PU,CJBS_Billable Project Type,,KAESER COMPRESSORS,2025-08-01 00:00:00,2026-10-01 00:00:00,"511 Sigma Drive  Fredericksburg, VA 22408",CJBS,Richmond-C&J-Services,USD,0125-6723,Service Contract,Alerton,CONTRACTOR,87
Lewis Ginter Botanical Garden,0124-5249,Active,CJBS PU,CJBS_Billable Project Type,"Suttles, Jonathan",WARWICK MECHANICAL GROUP,2024-09-01 00:00:00,2027-04-06 00:00:00,"1800 Lakeside Ave Henrico, VA 23228",CJBS,Richmond-C&J-Building Automation,USD,0124-5249,Renovation,JCI FX,CONTRACTOR,61.32653061
Lynchburg CSO 52 Storage,0125-6423,Active,CJBS PU,CJBS_Billable Project Type,"Tees, Jason",GREEN AIR,2025-03-01 00:00:00,2027-05-01 00:00:00,"900 Church Street  Lynchburg, VA 24504",CJBS,Richmond-C&J-Building Automation,USD,0125-6423,New Construction,JCI FX,CONTRACTOR,267
MRMC MOB-1 Suite 310 Reno,0126-7127,Active,CJBS PU,CJBS_Billable Project Type,"Seay, Kyle",SOUTHERN AIR,2026-02-01 00:00:00,2026-11-01 00:00:00,"8260 Atlee Road  Mechanicsville, VA 23116",CJBS,Richmond-C&J-Building Automation,USD,0126-7127,Renovation,JCI - FX,CONTRACTOR,61.48005077
Massaponax WWTP,0123-5035,Active,CJBS PU,CJBS_Billable Project Type,"Flagg, Daniel",ICE HEATING & COOLING,2023-11-01 00:00:00,2026-11-01 00:00:00,"10900 HCC Dr. Fredericksburg, VA 22408",CJBS,Richmond-C&J-Building Automation,USD,0123-5035,Renovation,Schneider,CONTRACTOR,83.13162651
"Mid Atlantic Retail - Warehouse BLDGS A, B, C",0125-5482,Active,CJBS PU,CJBS_Billable Project Type,"Martinez, Joseph",GREEN AIR,2025-02-01 00:00:00,2026-10-01 00:00:00,"12413 Genito Rd Midlothian, VA 23112",CJBS,Richmond-C&J-Building Automation,USD,0125-5482,New Construction,Wiring Only,CONTRACTOR,87
NRL - Blossom Point Service Agreement,0125-6389,Active,CJBS PU,CJBS_Billable Project Type,"Garter, Matthew",ASRC FEDERAL SYSTEMS SOLUTIONS INC,2025-04-01 00:00:00,2026-09-01 00:00:00,"Blossom Point Rd.  Welcome, MD 20693",CJBS,Richmond-C&J-Services,USD,0125-6389,Service Contract,Tridium,CONTRACTOR,104.4
Norfolk Christian SA 26-27,0126-7353,Active,CJBS PU,CJBS_Billable Project Type,,NORFOLK CHRISTIAN,2026-07-01 00:00:00,2027-09-01 00:00:00,"255 Thole St. Norfolk, VA 23505",CJBS,Richmond-C&J-Services,USD,0126-7353,Service Contract,Tridium,CONTRACTOR,91.35
Norfolk Christian Service Agreement 2025-2026,0125-5925,Active,CJBS PU,CJBS_Billable Project Type,"Seay, Kyle",NORFOLK CHRISTIAN,2025-08-01 00:00:00,2026-10-01 00:00:00,"255 Thole St. Norfolk, VA 23505",CJBS,Richmond-C&J-Services,USD,0125-5925,Service Contract,Tridium,CONTRACTOR,91.35
ORF ConRAC,0126-7366,Active,CJBS PU,CJBS_Billable Project Type,"Martinez, Joseph",DAVKEN MECHANICAL INC,2026-06-01 00:00:00,2028-02-01 00:00:00,"2200 Norview Ave Norfolk, VA 23518",CJBS,Richmond-C&J-Building Automation,USD,0126-7366,Renovation,Schneider Electric,CONTRACTOR,151.3
OrthoVA Service Contract,0125-6019,Active,CJBS PU,CJBS_Billable Project Type,"Halferty, April",RANGE COMMERCIAL,2026-01-01 00:00:00,2027-03-01 00:00:00,"15300 East West Road  Midlothian, VA 23114",CJBS,Richmond-C&J-Services,USD,0125-6019,Service Contract,Schneider,CONTRACTOR,87
PJP Service Agreement 25-26,0125-6216,Active,CJBS PU,CJBS_Billable Project Type,"Seay, Kyle",COLLIERS INTERNATIONAL ASSET SERVICES LLC,2025-11-01 00:00:00,2026-12-01 00:00:00,"600 Peter Jefferson Parkway Charlottesville, VA 22911",CJBS,Richmond-C&J-Services,USD,0125-6216,Service Contract,Schneider,CONTRACTOR,87
Petersburg Courthouse,0126-6679,Active,CJBS PU,CJBS_Billable Project Type,"Flagg, Daniel",EMC MECHANICAL SERVICES,2026-05-01 00:00:00,2027-11-01 00:00:00,"Intersection of Monroe, E. Tabb, & Adams Streets Petersburg, VA 23803",CJBS,Richmond-C&J-Building Automation,USD,0126-6679,New Construction,SE/SE,CONTRACTOR,71.30856151
Powhatan HS Service Agreement,0126-6776,Active,CJBS PU,CJBS_Billable Project Type,"Halferty, April",POWHATAN COUNTY PUBLIC SCHOOLS,2026-02-01 00:00:00,2027-04-01 00:00:00,"1800 Judes Ferry Rd Powhatan, VA 23139",CJBS,Richmond-C&J-Services,USD,0126-6776,Service Contract,Schneider Tridium,CONTRACTOR,87
Premium Dist VAV Replace,0126-7183,Active,CJBS PU,CJBS_Billable Project Type,"Seay, Taylor",ETEC,2026-05-01 00:00:00,2027-03-01 00:00:00,"2290 Dabney Road  Richmond, VA 23230",CJBS,Richmond-C&J-Services,USD,0126-7183,Service Quoted,Others,CONTRACTOR,0
Proctors Creek Admin and Control Buildings,0126-6719,Active,CJBS PU,CJBS_Billable Project Type,"Tees, Jason",ICE HEATING & COOLING,2026-01-01 00:00:00,2027-03-01 00:00:00,"1200 Coxendale Road  Chester, VA 23836",CJBS,Richmond-C&J-Building Automation,USD,0126-6719,Renovation,Schneider Electric,CONTRACTOR,56.48698011
Project Rocky,0125-6138,Active,CJBS PU,CJBS_Billable Project Type,"Flagg, Daniel",M&E CONTRACTORS,2025-02-01 00:00:00,2027-02-01 00:00:00,,CJBS,Richmond-C&J-Building Automation,USD,0125-6138,New Construction,Wiring Only,CONTRACTOR,51
ROSENDIN Richmond Office,0126-7264,Active,CJBS PU,CJBS_Billable Project Type,"Suttles, Jonathan",ATLANTIC CONSTRUCTORS INC,2026-05-01 00:00:00,2027-05-01 00:00:00,,CJBS,Richmond-C&J-Building Automation,USD,0126-7264,New Construction,SE/SE,CONTRACTOR,62.3
Red River Food Group Reno,0125-6233,Active,CJBS PU,CJBS_Billable Project Type,"Suttles, Jonathan",HARRIS HEATING & PLUMBING CO,2025-01-01 00:00:00,2027-01-22 00:00:00,,CJBS,Richmond-C&J-Building Automation,USD,0125-6233,Renovation,Schneider ,CONTRACTOR,63.99222399
Region Ten Level Two Reno,0125-7054,Active,CJBS PU,CJBS_Billable Project Type,"Seay, Kyle",M&E CONTRACTORS,2025-12-01 00:00:00,2027-02-26 00:00:00,"110 Avon Street  Charlottesville, Virginia 22902",CJBS,Richmond-C&J-Services,USD,0125-7054,Service Quoted,JCI - FX,CONTRACTOR,60
,0125-6636,Active,CJBS PU,CJBS_Billable Project Type,"Seay, Kyle",M&E CONTRACTORS,2025-06-01 00:00:00,2027-01-08 00:00:00,"110 Avon Street  Charlottesville, VA 22902, 2026/05/31",CJBS,Richmond-C&J-Services,USD,0125-6636,Service Quoted,JCI FX,CONTRACTOR,141.809839
,0126-7036,Active,CJBS PU,CJBS_Billable Project Type,"Seay, Kyle",MARTIN HORN,2026-01-01 00:00:00,2026-11-01 00:00:00,"110 Avon St. Charlottesville, VA 22902",CJBS,Richmond-C&J-Services,USD,0126-7036,Service Quoted,JCI,CONTRACTOR,87
Richmond Airport ARFF Station,0125-6631,Active,CJBS PU,CJBS_Billable Project Type,"Suttles, Jonathan",OLD DOMINION MECHANICAL (C),2025-12-01 00:00:00,2027-08-01 00:00:00,"Portugee Road  Richmond, VA 23250",CJBS,Richmond-C&J-Building Automation,USD,0125-6631,New Construction,SE Tridium,CONTRACTOR,89
Richmond National Westmark 4th Floor,0126-7332,Active,CJBS PU,CJBS_Billable Project Type,"Seay, Kyle",MILLER MECHANICAL,2026-05-01 00:00:00,2027-01-01 00:00:00,"11013 West Broad Street  Glen Allen, Virginia 23060",CJBS,Richmond-C&J-Building Automation,USD,0126-7332,Renovation,SE and Pnuematic,CONTRACTOR,63.15789474
Riverside Patriots Colony,0125-6122,Active,CJBS PU,CJBS_Billable Project Type,"Suttles, Jonathan",GREEN AIR,2025-05-01 00:00:00,2027-01-01 00:00:00,"6000 Patriots Colony Drive  Williamsburg, VA 23188",CJBS,Richmond-C&J-Building Automation,USD,0125-6122,New Construction,Schneider,CONTRACTOR,86.28017421
Stonebridge School Service Agreement,0125-6158,Active,CJBS PU,CJBS_Billable Project Type,"Halferty, April",STONEBRIDGE SCHOOL,2025-11-01 00:00:00,2026-12-01 00:00:00,"1629 Joliff Road  Chesapeake, VA 23321",CJBS,Richmond-C&J-Services,USD,0125-6158,Service Contract,Schneider,CONTRACTOR,87
The Virginia Home,0125-6182,Active,CJBS PU,CJBS_Billable Project Type,"Flagg, Daniel",HOWELL'S HEATING & AIR,2026-01-01 00:00:00,2028-07-01 00:00:00,"### Left Flank Road  Mechanicsville, VA 23116",CJBS,Richmond-C&J-Building Automation,USD,0125-6182,New Construction,Schneider Electric,CONTRACTOR,43.6469434
U of R Steam Plant - UPS Add - DA & Brl Ctrl,0125-7074,Active,CJBS PU,CJBS_Billable Project Type,"Suttles, Jonathan",WELDING PROCESS & MECHANICAL INC,2025-12-01 00:00:00,2026-08-01 00:00:00,"University of Richmond Steam Plant Richmond, VA 23173",CJBS,Richmond-C&J-Building Automation,USD,0125-7074,Renovation,Schneider / Tridium,CONTRACTOR,44.5
UVA Alumni Hall,0125-5988,Active,CJBS PU,CJBS_Billable Project Type,"Flagg, Daniel",,2025-05-01 00:00:00,2027-02-01 00:00:00,"211 Emmet St South  Charlottesville, VA 22903",CJBS,Richmond-C&J-Building Automation,USD,0125-5988,New Construction,Schneider,CONTRACTOR,115.7
UVA Community Credit Union,0125-5829,Active,CJBS PU,CJBS_Billable Project Type,"Flagg, Daniel",,2025-01-01 00:00:00,2027-05-11 00:00:00,"1201 5th Street  Charlottesville, VA 22902",CJBS,Richmond-C&J-Building Automation,USD,0125-5829,New Construction,Schneider Jace and Field Controllers,CONTRACTOR,145.3828419
VCBR RTU Replacement,0124-5809,Active,CJBS PU,CJBS_Billable Project Type,"Suttles, Jonathan",,2024-10-01 00:00:00,2027-01-01 00:00:00,"4901 Patrick Henry HWY  Burkeville, VA 23922",CJBS,Richmond-C&J-Building Automation,USD,0124-5809,Renovation,JCI FX CGM/XPM,CONTRACTOR,99.60583333
VCUHS Chesterfield ASC MOB,0125-6535,Active,CJBS PU,CJBS_Billable Project Type,"Suttles, Jonathan",,2025-11-01 00:00:00,2027-07-01 00:00:00,"9820 Iron Bridge Rd Chesterfield, VA 23832",CJBS,Richmond-C&J-Building Automation,USD,0125-6535,New Construction,Schneider,CONTRACTOR,62.3
VDACS Harrisonburg Lab Addition,0126-7225,Active,CJBS PU,CJBS_Billable Project Type,"Martinez, Joseph",B&W MECHANICAL,2026-05-01 00:00:00,2027-07-01 00:00:00,"261 Mt Clinton Pike  Harrisonburg, VA 22802",CJBS,Richmond-C&J-Building Automation,USD,0126-7225,New Construction,JCI FX,CONTRACTOR,267
,0124-5167,Active,CJBS PU,CJBS_Billable Project Type,"Tees, Jason",GREEN AIR,2024-01-01 00:00:00,2026-09-01 00:00:00,"144 Prison Ln Troy, VA 22974",CJBS,Richmond-C&J-Building Automation,USD,0124-5167,Renovation,JCI FX,CONTRACTOR,94.22755418
VDOC Baskerville Airplane Bldg,0124-5897,Active,CJBS PU,CJBS_Billable Project Type,"Tees, Jason",WACO INC,2024-10-01 00:00:00,2026-12-31 00:00:00,"4150 Hayes Mill Road Baskerville, VA 23915",CJBS,Richmond-C&J-Building Automation,USD,0124-5897,Renovation,JCI FX - extenstion of existing JCI NAE,CONTRACTOR,153.908911
VDOC Beaumont Spradlin Reno,0126-7205,Active,CJBS PU,CJBS_Billable Project Type,"Tees, Jason",OLD DOMINION MECHANICAL (C),2026-06-01 00:00:00,2027-06-01 00:00:00,"3500 Beaumont Road  Beaumont, Virginia 23014",CJBS,Richmond-C&J-Building Automation,USD,0126-7205,Renovation,SE Tridium,CONTRACTOR,89
VDOT - Stanardsville Combo Bldg,0125-6499,Active,CJBS PU,CJBS_Billable Project Type,"Suttles, Jonathan",OLD DOMINION MECHANICAL (C),2025-07-01 00:00:00,2026-12-01 00:00:00,"131 Fredericksburg Road  Greene County, VA 22968",CJBS,Richmond-C&J-Building Automation,USD,0125-6499,New Construction,Schneider Tridium,CONTRACTOR,171.089209
VSU Johnnella Jackson Hall,0126-7182,Active,CJBS PU,CJBS_Billable Project Type,"Tees, Jason",COLONIAL WEBB CONTRACTORS,2026-04-01 00:00:00,2027-05-01 00:00:00,"3224 Hayden Street  Petersburg, VA 23806",CJBS,Richmond-C&J-Building Automation,USD,0126-7182,Renovation,SE,CONTRACTOR,89
VSU Lindsay Montague Improve HVAC,0126-6975,Active,CJBS PU,CJBS_Billable Project Type,"Tees, Jason",SOUTHERN AIR,2026-02-01 00:00:00,2027-02-01 00:00:00,"21201 Hayden Drive  Petersburg, VA 23806",CJBS,Richmond-C&J-Building Automation,USD,0126-6975,Renovation,SE / JCI-FX,CONTRACTOR,133.5
VVC Short Pump Svc Agreement,0125-6955,Active,CJBS PU,CJBS_Billable Project Type,"Halferty, April",VIRGINIA VETERINARY CENTERS,2025-12-01 00:00:00,2027-02-01 00:00:00,"4300 Greybull Drive  Richmond, VA 23233",CJBS,Richmond-C&J-Services,USD,0125-6955,Service Contract,Schneider,CONTRACTOR,87
WTKR Norfolk - 2026 - Ctrls SA,0126-7060,Active,CJBS PU,CJBS_Billable Project Type,"Martinez, Joseph",SCRIPPS,2026-01-01 00:00:00,2027-03-01 00:00:00,"720 Boush St. Norfolk, VA 23510",CJBS,Richmond-C&J-Services,USD,0126-7060,Service Contract,Schneider Tridium,CONTRACTOR,130.5
Western Branch VA CBOC,0124-5183,Active,CJBS PU,CJBS_Billable Project Type,"Flagg, Daniel",JRC MECHANICAL,2024-07-01 00:00:00,2026-09-01 00:00:00,"Chesapeake Square Ring Rd Chesapeake, VA 23321",CJBS,Richmond-C&J-Building Automation,USD,0124-5183,New Construction,Schneider Electric,CONTRACTOR,147.7831899
Westmark 2 - Chiller Replace,0126-7204,Active,CJBS PU,CJBS_Billable Project Type,"Seay, Kyle",PIEDMONT SERVICE GROUP,2026-04-01 00:00:00,2026-10-01 00:00:00,"11013 West Broad Street  Glen Allen, Virginia 23060",CJBS,Richmond-C&J-Building Automation,USD,0126-7204,Renovation,TBD,CONTRACTOR,62.3
Westmark One Chiller Replace,0126-7334,Active,CJBS PU,CJBS_Billable Project Type,"Seay, Kyle",PIEDMONT SERVICE GROUP,2026-05-01 00:00:00,2026-11-01 00:00:00,"11011 West Broad Street  Glen Allen, Virginia 23060",CJBS,Richmond-C&J-Services,USD,0126-7334,Service Quoted,,CONTRACTOR,125
Williamsburg Landing Community Center,0124-5676,Active,CJBS PU,CJBS_Billable Project Type,"Suttles, Jonathan",DAVKEN MECHANICAL INC,2024-11-01 00:00:00,2027-01-29 00:00:00,"5700 Williamsburg Landing Drive Williamsburg, VA 23185",CJBS,Richmond-C&J-Building Automation,USD,0124-5676,New Construction,Schneider ,CONTRACTOR,80.13726133
Winchester Equip - Harrisonburg Location,0125-6739,Active,CJBS PU,CJBS_Billable Project Type,"Desoto, Christopher",BLAUCH BROTHERS,2025-10-01 00:00:00,2027-05-03 00:00:00,"160 Carpenter Lane  Harrisonburg, VA 22801",CJBS,Richmond-C&J-Building Automation,USD,0125-6739,New Construction,Wiring Only,CONTRACTOR,221
