row_number,Opco,PartyNumber,entity_name_original,address1_original,address2_original,address3_original,city_original,state_original,zip_original,country_original,AddressBill-to_original,PhoneNumber1_original,PhoneNumber2_original,FaxNumber_original,ContactPerson1_original,TaxIdentifier_original,ContactPerson2_original,EmailAddress1_original,EmailAddress2_original,PaymentTerm_original,ShipTo_original,Bill-to_original,.,entity_name_ora,SITE1_address1_ora,SITE2_address1_ora,address2_ora,address3_ora,city_ora,state_ora,zip_ora,country_ora,PhoneNumber1_ora,PhoneNumber2_ora,FaxNumber_ora,ContactPerson1_ora,TaxIdentifier_ora,ContactPerson2_ora,EmailAddress1_ora,EmailAddress2_ora,PaymentTerm_ora,ShipTo_ora,Bill-to_ora,confidence_level,confidence_score,record_status,validated_at
2,CJBS,,ABM Building Services LLC,3607 Saunders Ave,,,Richmond,VA,23227,US,3607 Saunders Ave Richmond Virginia 23227 United States,,,,Matthew  Klipp,,,Matthew.Klipp@abm.com,,,Y,Y,,ABM BUILDING SERVICES LLC,3607 SAUNDERS AVE,,,,RICHMOND,VA,23227,US,,,,Matthew Klipp,,,matthew.klipp@abm.com,,,Y,Y,HIGH,80.0,READY,2026-01-11 13:50:57
3,CJBS,,ABM Industry Group LLC,14141 Southwest Freeway,Suite 400,,Sugar Land,TX,77478,US,"14141 Southwest Freeway
Suite 400 Sugar Land TX 77478 USA",(757) 357-8060 ,,,,,,Frances.Scudder@abm.com,,,Y,Y,,ABM INDUSTRY GROUP LLC,14141 SWEST FREEWAY,,SUITE 400,,SUGAR LAND,TX,77478,US,+17573578060,+17573578060,,,,,frances.scudder@abm.com,,,Y,Y,HIGH,80.0,READY,2026-01-11 13:50:59
4,CJBS,,Afton Scientific LLC,2020 Avon Court,,,Charlottesville,VA,22902,US,2020 Avon Court Charlottesville VA 22902 US,(434) 979-3737 ,,,,,,ap@aftonscientific.com,,,Y,Y,,AFTON SCIENTIFIC LLC,2020 AVON CT,,,,CHARLOTTESVILLE,VA,22902,US,+14349793737,+14349793737,,,,,ap@aftonscientific.com,,,Y,Y,LOW,100.0,REVIEW,NaT
5,CJBS,,Air-Pro Mechanical,14241 FARMERS WAY,,,ASHLAND,VA,23005,US,,,,,,,,lisa.western@airprova.com,,,,Y,,AIR-PRO MECHANICAL,14241 FARMERS WAY,,,,ASHLAND,VA,23005,US,,,,,,,lisa.western@airprova.com,,,,Y,LOW,100.0,REVIEW,NaT
6,CJBS,,Albemarle Charlottesville Regional Jail,160 Peregory Ln,,,Charlottesville,VA,22902,US,160 Peregory Ln Charlottesville VA 22902 US,,,,,,,Finance@acrj.org,,,Y,Y,,ALBEMARLE CHARLOTTESVILLE REGIONAL JAIL,160 PEREGORY LN,,,,CHARLOTTESVILLE,VA,22902,US,,,,,,,finance@acrj.org,,,Y,Y,LOW,100.0,REVIEW,NaT
7,CJBS,,ALDI Inc Petersburg,6801 Aldi Way,,,Petersburg,VA,23803,US,6801 Aldi Way Petersburg Virginia 23803 United States,(804) 362-0828 ,,,,,, APSS@aldi.us,,,Y,Y,,ALDI INC PETERSBURG,6801 ALDI WAY,,,,PETERSBURG,VA,23803,US,+18043620828,+18043620828,,,,, apss@aldi.us,,,Y,Y,HIGH,80.0,READY,2026-01-11 13:51:08
8,CJBS,,Amentum,,,,,,,US,,,,,,,,,,,,Y,,AMENTUM,,,,,,,,US,,,,,,,,,,,Y,LOW,20.0,INVALID,NaT
9,CJBS,,Ameritech Test & Balance (C),6553 Main St,Suite 200,,Gloucester,VA,23061,US,6553 Main St. Suite 200 Gloucester VA 23061,(804) 815-1524,,,,,,jcronebalance@aol.com,,,Y,Y,,AMERITECH TEST & BALANCE (C),6553 MAIN ST,,SUITE 200,,GLOUCESTER,VA,23061,US,+18048151524,+18048151524,,,,,jcronebalance@aol.com,,,Y,Y,HIGH,80.0,READY,2026-01-11 13:51:12
10,CJBS,,Ashland Specialty Ingredients GP,PO BOX 2219,,,Columbus,OH,43216-2219,US,PO Box 2219 Columbus OH 43216-2219,,,,,,,nacoupainvoice@ashland.com,,,Y,Y,,ASHLAND SPECIALTY INGREDIENTS GP,PO BOX 2219,,,,COLUMBUS,OH,43216-2219,US,,,,,,,nacoupainvoice@ashland.com,,,Y,Y,MEDIUM,70.0,REVIEW,NaT
11,CJBS,,ASRC Federal Systems Solutions Inc,10050 Blossom Point Rd,,,Welcome,MD,20693,US,10050 Blossom Point Rd. Welcome Maryland 20693 united states,,,,"ASRC Federal Systems Solutions, Inc.",,,APinvoices@asrcfederal.com,,,Y,Y,,ASRC FEDERAL SYSTEMS SOLUTIONS INC,10050 BLOSSOM POINT RD,,,,WELCOME,MD,20693,US,,,,,,,apinvoices@asrcfederal.com,,,Y,Y,LOW,100.0,REVIEW,NaT
12,CJBS,,Associated General Contractors of VA,,,,,,,US,,,,,,,,,,,,Y,,ASSOCIATED GENERAL CONTRACTORS OF VA,,,,,,,,US,,,,,,,,,,,Y,LOW,20.0,INVALID,NaT
13,CJBS,,Atlantic Constructors Inc,1401 Battery Brooke Parkway,,,Richmond,VA,23237,US,1401 Battery Brooke Parkway Richmond VA 23237 United States,,,,,,,accounts.payable@acibuilds.com,,,Y,Y,,ATLANTIC CONSTRUCTORS INC,1401 BATTERY BROOKE PKWY,,,,RICHMOND,VA,23237,US,,,,,,,accounts.payable@acibuilds.com,,,Y,Y,LOW,100.0,REVIEW,NaT
14,CJBS,,Blauch Brothers,911 Chicago Avenue,,,Harrisonburg,VA,22802,US,911 Chicago Avenue Harrisonburg Virginia 22802 United States,,,,,,,lveurink@blauchbrothers.com,,,Y,Y,,BLAUCH BROTHERS,911 CHICAGO AVE,,,,HARRISONBURG,VA,22802,US,,,,,,,lveurink@blauchbrothers.com,,,Y,Y,HIGH,80.0,READY,2026-01-11 13:51:20
15,CJBS,,Broadus Church,5351 POLE GREEN RD,,,MECHANICSVILLE,VA,23116,US,"5351 Pole Green Rd, Mechanicsville, VA 23116, USA Mechanicsville  23116",,,,Broadus Church,,,,,,Y,Y,,BROADUS CHURCH,5351 POLE GREEN RD,,,,MECHANICSVILLE,VA,23116,US,,,,Broadus Church,,,,,,Y,Y,HIGH,80.0,READY,2026-01-11 13:51:22
16,CJBS,,Bruces Auto Body,2551 Homeview Dr,,,Richmond,VA,23294,US,2551 Homeview Dr Richmond VA 23294 United States,,,,Bruces Auto Body,,,,,,Y,Y,,BRUCES AUTO BODY,2551 HOMEVIEW DR,,,,RICHMOND,VA,23294,US,,,,Bruces Auto Body,,,,,,Y,Y,LOW,100.0,REVIEW,NaT
17,CJBS,,CACI INTERNATIONAL INC,1100 N GLEBE RD,,,ARLINGTON,VA,22201,US,,(405) 367-2519,,,,,,g.conway-wolf@caci.com,,,,Y,,CACI INTERNATIONAL INC,1100 N GLEBE RD,,,,ARLINGTON,VA,22201,US,+14053672519,+14053672519,,,,,g.conway-wolf@caci.com,,,,Y,HIGH,80.0,READY,2026-01-11 13:51:27
18,CJBS,,Carpenter Co,2600 Richmond Hwy,,,Richmond,VA,23234,US,2600 Richmond Hwy Richmond Virginia 23234 United States,,,,Carpenter  Co.,,,RTC.Accounts@carpenter.com,,,Y,Y,,CARPENTER CO,2600 RICHMOND HWY,,,,RICHMOND,VA,23234,US,,,,Carpenter Co,,,rtc.accounts@carpenter.com,,,Y,Y,HIGH,80.0,READY,2026-01-11 13:51:29
19,CJBS,,Cascades,4001 PACKARD ROAD,,,NIAGARA FALLS,NY,14303,US,4001 PACKARD ROAD NIAGARA FALLS NY 14303,,,,,,,documents_suppliers@cascades.com,,,Y,Y,,CASCADES,4001 PACKARD RD,,,,NIAGARA FALLS,NY,14303,US,,,,,,,documents_suppliers@cascades.com,,,Y,Y,HIGH,80.0,READY,2026-01-11 13:51:31
20,CJBS,,CBRE,,,,,,,US,,,,,,,,,,,,Y,,CBRE,,,,,,,,US,,,,,,,,,,,Y,LOW,20.0,INVALID,NaT
21,CJBS,,Central Virginia Health Services Inc,PO BOX 220,,,New Canton,VA,23123,US,PO Box 220 New Canton Virginia 23123 United States,,,,"Central Virginia Health Services, Inc.",,,cfo@cvhsinc.org,,,Y,Y,,CENTRAL VIRGINIA HEALTH SERVICES INC,PO BOX 220,,,,NEW CANTON,VA,23123,US,,,,,,,cfo@cvhsinc.org,,,Y,Y,MEDIUM,70.0,REVIEW,NaT
22,CJBS,,CGL,1903 Phoenix Blvd,Suite 250,,Atlanta,GA,30349,US,1903 Phoenix BlvdSuite 250 Atlanta GA 30349 USA,,,,,,,apinvoices@cglcompanies.com,,,Y,Y,,CGL,1903 PHOENIX BLVD,,SUITE 250,,ATLANTA,GA,30349,US,,,,,,,apinvoices@cglcompanies.com,,,Y,Y,LOW,100.0,REVIEW,NaT
23,CJBS,,Chamberlain Mechanical Services Inc (C),8444 Erle Rd,,,Mechanicsville,VA,23116,US,8444 Erle Rd Mechanicsville VA 23116 US,,,,,,,,,,Y,Y,,CHAMBERLAIN MECHANICAL SERVICES INC (C),8444 ERLE RD,,,,MECHANICSVILLE,VA,23116,US,,,,,,,,,,Y,Y,HIGH,80.0,READY,2026-01-11 13:51:37
24,CJBS,,Chesterfield County,9800 Government Center PArkway,,,Third Floor Chesterfield,VA,23832,US,"9800 Government Center PArkway
Third Floor Chesterfield VA 23832 USA",(804) 796-7172 ,,,,,,CreswellS@chesterfield.gov,,,Y,Y,,CHESTERFIELD COUNTY,9800 GOVERNMENT CENTER PKWY,,,,THIRD FLOOR CHESTERFIELD,VA,23832,US,+18047967172,+18047967172,,,,,creswells@chesterfield.gov,,,Y,Y,LOW,100.0,REVIEW,NaT
25,CJBS,,City of Richmond,900 E Broad St,,,Richmond,VA,23219,US,900 E Broad St Richmond  23219,,,,City of Richmond,,,accountspayable@richmondgov.com,,,Y,Y,,CITY OF RICHMOND,900 E BROAD ST,,,,RICHMOND,VA,23219,US,,,,,,,accountspayable@richmondgov.com,,,Y,Y,HIGH,80.0,READY,2026-01-11 13:51:41
26,CJBS,,C&J Building Solutions (C),4957 Cox Rd,,,Glen Allen,VA,23060,US,4957 Cox Rd Glen Allen VA 23060 USA,(804) 283-1496,,,,,,jmartinez@cjbuildingsolutions.com,,,Y,Y,,C&J BUILDING SOLUTIONS (C),4957 COX RD,,,,GLEN ALLEN,VA,23060,US,+18042831496,+18042831496,,,,,jmartinez@cjbuildingsolutions.com,,,Y,Y,LOW,100.0,REVIEW,NaT
27,CJBS,,CMA CGM (America) LLC,,,,,,,US,,,,,,,,,,,,Y,,CMA CGM (AMERICA) LLC,,,,,,,,US,,,,,,,,,,,Y,LOW,20.0,INVALID,NaT
28,CJBS,,Colliers International Asset Services LLC,2221 Edward Holland Dr,Suite 600,,Richmonda,VA,23230,US,"2221 Edward Holland Dr
Suite 600 Richmonda Virginia 23230 United States",,,,,,,,,,Y,Y,,COLLIERS INTERNATIONAL ASSET SERVICES LLC,2221 EDWARD HOLLAND DR,,SUITE 600,,RICHMONDA,VA,23230,US,,,,,,,,,,Y,Y,LOW,100.0,REVIEW,NaT
29,CJBS,,Colonial Webb Contractors,2820 Ackley Ave,,,Richmond,VA,23228,US,2820 Ackley Ave Richmond Virginia 23228 United States,,,,,,,,,,Y,Y,,COLONIAL WEBB CONTRACTORS,2820 ACKLEY AVE,,,,RICHMOND,VA,23228,US,,,,,,,,,,Y,Y,LOW,100.0,REVIEW,NaT
30,CJBS,,Comfort Systems Inc,11081 Air Park Rd,,,Ashland,VA,23005,US,11081 Air Park Rd Ashland  23005,,,,"Comfort Systems, Inc.",,,,,,Y,Y,,COMFORT SYSTEMS INC,11081 AIR PARK RD,,,,ASHLAND,VA,23005,US,,,,Comfort Systems,,,,,,Y,Y,LOW,100.0,REVIEW,NaT
31,CJBS,,Comfort Systems of VA,671 Trampton Rd,Suite D,,Sandston,VA,23150,US,671 Trampton RdSuite D Sandston VA 23150 USA,(804) 326-9457 ,,,,,,,,,Y,Y,,COMFORT SYSTEMS OF VA,671 TRAMPTON RD,,SUITE D,,SANDSTON,VA,23150,US,+18043269457,+18043269457,,,,,,,,Y,Y,HIGH,80.0,READY,2026-01-11 13:52:00
32,CJBS,,Commonwealth Commercial Construction Inc,PO BOX 22,,,Studley,VA,23162,US,PO Box 22 Studley Virginia 23162 USA,,,,,,,,,,Y,Y,,COMMONWEALTH COMMERCIAL CONSTRUCTION INC,PO BOX 22,,,,STUDLEY,VA,23162,US,,,,,,,,,,Y,Y,MEDIUM,70.0,REVIEW,NaT
33,CJBS,,Daikin Applied,PO BOX 1551,,,Minneapolis,MN,55440,US,PO Box 1551 Minneapolis MN 55440 USA,(763) 553-5330 ,,,,,,service.richmond@daikinapplied.com,,,Y,Y,,DAIKIN APPLIED,PO BOX 1551,,,,MINNEAPOLIS,MN,55440,US,+17635535330,+17635535330,,,,,service.richmond@daikinapplied.com,,,Y,Y,MEDIUM,70.0,REVIEW,NaT
34,CJBS,,Davis Brothers CC,2410 Chamberlayne Ave,,,Richmond,VA,23222,US,2410 Chamberlayne Ave. Richmond Virginia 23222 United States,,,,Davis Brothers CC,,,,,,Y,Y,,DAVIS BROTHERS CC,2410 CHAMBERLAYNE AVE,,,,RICHMOND,VA,23222,US,,,,Davis Brothers,,,,,,Y,Y,HIGH,80.0,READY,2026-01-11 13:52:01
35,CJBS,,Davken Mechanical Inc,1640 Dnna Dr,,,#105 Virginia Beach,VA,23451,US,1640 Dnna Dr #105 Virginia Beach VA 23451 USA,,,,,,,pma@davkenmech.com,,,Y,Y,,DAVKEN MECHANICAL INC,1640 DNNA DR,,,,#105 VIRGINIA BEACH,VA,23451,US,,,,,,,pma@davkenmech.com,,,Y,Y,LOW,100.0,REVIEW,NaT
36,CJBS,,Decisions Headquarters,4588 Virginia Beach Blvd,,,Virginia Beach,VA,23462,US,4588 Virginia Beach Blvd. Virginia Beach VA 23462 United States,,,,Decisions  Headquarters,,,,,,Y,Y,,DECISIONS HEADQUARTERS,4588 VIRGINIA BEACH BLVD,,,,VIRGINIA BEACH,VA,23462,US,,,,,,,,,,Y,Y,HIGH,80.0,READY,2026-01-11 13:52:07
37,CJBS,,DG Mabe & Associates Inc,2140 E Hundred Rd,,,Chester,VA,23836,US,2140 E Hundred Rd Chester Virginia 23836 United States,,,,,,,,,,Y,Y,,DG MABE & ASSOCIATES INC,2140 E HUNDRED RD,,,,CHESTER,VA,23836,US,,,,,,,,,,Y,Y,LOW,100.0,REVIEW,NaT
38,CJBS,,Dominion Energy (C),,,,,,,US,,,,,,,,,,,,Y,,DOMINION ENERGY (C),,,,,,,,US,,,,,,,,,,,Y,LOW,20.0,INVALID,NaT
39,CJBS,,Dominion Waterproofing & Construction Services Inc,3903 Carolina Avenue,,,Richmond,VA,23222,US,3903 Carolina Avenue Richmond VA 23222,(804) 355-1440 ,,,,,,salame@dominionwaterproofing.com,,,Y,Y,,DOMINION WATERPROOFING & CONSTRUCTION SERVICES INC,3903 CAROLINA AVE,,,,RICHMOND,VA,23222,US,+18043551440,+18043551440,,,,,salame@dominionwaterproofing.com,,,Y,Y,HIGH,80.0,READY,2026-01-11 13:52:13
40,CJBS,,Elizabeth River Mechanical LLC,700 Broad Street,,,Portsmouth,VA,23707,US,700 Broad Street Portsmouth VA 23707,,,,,,,brenda@ermechanical.com,,,Y,Y,,ELIZABETH RIVER MECHANICAL LLC,700 BROAD ST,,,,PORTSMOUTH,VA,23707,US,,,,,,,brenda@ermechanical.com,,,Y,Y,HIGH,80.0,READY,2026-01-11 13:52:15
41,CJBS,,EMC Mechanical Services,1802 Ellen Rd,,,Richmond,VA,23230,US,1802 Ellen Rd Richmond VA 23230,,,,,,,ap@emcmechanical.com,,,Y,Y,,EMC MECHANICAL SERVICES,1802 ELLEN RD,,,,RICHMOND,VA,23230,US,,,,,,,ap@emcmechanical.com,,,Y,Y,HIGH,80.0,READY,2026-01-11 13:52:17
42,CJBS,,eTEC,8820 Park Central Dr,,,Richmond,VA,23227,US,8820 Park Central Dr Richmond VA 23227 USA,(804) 340-1801 ,,,,,,hadkins@etecmechanical.com,,,Y,Y,,ETEC,8820 PARK CENTRAL DR,,,,RICHMOND,VA,23227,US,+18043401801,+18043401801,,,,,hadkins@etecmechanical.com,,,Y,Y,LOW,100.0,REVIEW,NaT
43,CJBS,,FEDERAL RESERVE BANK OF DALLAS,2200 N PEARL ST,,,DALLAS,TX,75201,US,,,,,,,,dal.apsscinvsub@dal.frb.org,,,,Y,,FEDERAL RESERVE BANK OF DALLAS,2200 N PEARL ST,,,,DALLAS,TX,75201,US,,,,,,,dal.apsscinvsub@dal.frb.org,,,,Y,HIGH,80.0,READY,2026-01-11 13:52:21
44,CJBS,,Feed More,8020 Villa Park Drive,,,Richmond,VA,23228,US,8020 Villa Park Drive Richmond Virginia 23228 United States,,,,,,,,,,Y,Y,,FEED MORE,8020 VILLA PARK DR,,,,RICHMOND,VA,23228,US,,,,,,,,,,Y,Y,LOW,100.0,REVIEW,NaT
45,CJBS,,First Baptist Church Ashland,800 Thompson St,,,Ashland,VA,23005,US,800 Thompson St Ashland Virginia 23005 United States,,,,,,,,,,Y,Y,,FIRST BAPTIST CHURCH ASHLAND,800 THOMPSON ST,,,,ASHLAND,VA,23005,US,,,,,,,,,,Y,Y,HIGH,80.0,READY,2026-01-11 13:52:25
46,CJBS,,Folkes Electrical Construction Co Inc,206 Haley Road,,,,,,US,206 Haley Road,(804) 798-8080 ,,,,,,,,,Y,Y,,FOLKES ELECTRICAL CONSTRUCTION CO INC,206 HALEY RD,,,,MECHANICSVILLE,VA,23111,US,+18047988080,+18047988080,,,,,,,,Y,Y,HIGH,55.0,READY,2026-01-11 13:52:27
47,CJBS,,Fortitude,8540 Sanford Dr,,,Henrico,VA,23228,US,8540 Sanford Dr Henrico VA 23228 US,(804) 955-9776,,,,,,,,,Y,Y,,FORTITUDE,8540 SANFORD DR,,,,HENRICO,VA,23228,US,+18049559776,+18049559776,,,,,,,,Y,Y,HIGH,80.0,READY,2026-01-11 13:52:29
48,CJBS,,Freedom Recovery Center Richmond,300 Gateway Centre Pkwy,,,Richmond,VA,23235,US,300 Gateway Centre Pkwy Richmond VA 23235 USA,,,,,,,,,,Y,Y,,FREEDOM RECOVERY CENTER RICHMOND,300 GATEWAY CENTRE PKWY,,,,RICHMOND,VA,23235,US,,,,,,,,,,Y,Y,LOW,100.0,REVIEW,NaT
49,CJBS,,Gale Welding and Machine Co,415 E Bank St,,,Petersburg,VA,23803,US,415 E Bank St Petersburg Virginia 23803 United States,,,,,,,,,,Y,Y,,GALE WELDING AND MACHINE CO,415 E BANK ST,,,,PETERSBURG,VA,23803,US,,,,,,,,,,Y,Y,HIGH,80.0,READY,2026-01-11 13:52:34
50,CJBS,,GJ Hopkins | Lacy,PO Box 40004,,,Roanoke,VA,24022,US,P.O. Box 40004 Roanoke Virginia 24022 United States,,,,GJHopkins,,,carrie.moran@branchgroup.com,,,Y,Y,,GJ HOPKINS | LACY,PO BOX 40004,,,,ROANOKE,VA,24022,US,,,,Gj Hopkins,,,carrie.moran@branchgroup.com,,,Y,Y,MEDIUM,70.0,REVIEW,NaT
51,CJBS,,Goochland County Public Schools,PO BOX 169,2938-I River Rd W,,Goochland,VA,23063,US,"2938-I River Rd W
P.O. Box 169 Goochland Virginia 23063 United States",,,,,,,tharris@glnd.k12.va.us,,,Y,Y,,GOOCHLAND COUNTY PUBLIC SCHOOLS,PO BOX 169,2938-I RIVER RD W,,,GOOCHLAND,VA,23063,US,,,,,,,tharris@glnd.k12.va.us,,,Y,Y,MEDIUM,70.0,REVIEW,NaT
52,CJBS,,Green Air,11250 Hopson Road Suite,,,B Ashland,VA,23005,US,"11250 Hopson Road, Suite B Ashland VA 23005 USA",(804) 368-8543 ,,,,,,ap@getgreenair.com,,,Y,Y,,GREEN AIR,11250 HOPSON RD STE,,,,B ASHLAND,VA,23005,US,+18043688543,+18043688543,,,,,ap@getgreenair.com,,,Y,Y,LOW,100.0,REVIEW,NaT
53,CJBS,,Greene County Public Schools,PO BOX 1140,40 Celt Road,,Stanardsville,VA,22973,US,PO Box 114040 Celt Road Stanardsville VA 22973 USA,,,,,,,blawhorne@greenecountyschools.com,,,Y,Y,,GREENE COUNTY PUBLIC SCHOOLS,PO BOX 1140,40 CELT RD,,,STANARDSVILLE,VA,22973,US,,,,,,,blawhorne@greenecountyschools.com,,,Y,Y,MEDIUM,70.0,REVIEW,NaT
54,CJBS,,Greenline Technical Group,6611 Dick Woods Rd,,,Charlottesville,VA,22903,US,6611 Dick Woods Rd Charlottesville VA 22903,(434) 806-5530,,,,,,justincallihan@greenlinetechnicalgroup.com,,,Y,Y,,GREENLINE TECHNICAL GROUP,6611 DICK WOODS RD,,,,CHARLOTTESVILLE,VA,22903,US,+14348065530,+14348065530,,,,,justincallihan@greenlinetechnicalgroup.com,,,Y,Y,LOW,100.0,REVIEW,NaT
55,CJBS,,Greenline Technical Group Inc,6611 Dick Woods Rd,,,Charlottesville,VA,22903,US,6611 Dick Woods Rd Charlottesville VA 22903 US,+14342344895 ,,,,,,Accounts@greenlinetechnicalgroup.com,,,Y,Y,,GREENLINE TECHNICAL GROUP INC,6611 DICK WOODS RD,,,,CHARLOTTESVILLE,VA,22903,US,,,,,,,accounts@greenlinetechnicalgroup.com,,,Y,Y,LOW,100.0,REVIEW,NaT
56,CJBS,,Hanover County Municipal Airport,PO BOX 470,,,Hanover,VA,23069,US,PO Box 470 Hanover Virginia 23069 United States,(804) 365-6208 ,,,,,,CJSobrito@hanovercounty.gov,,,Y,Y,,HANOVER COUNTY MUNICIPAL AIRPORT,PO BOX 470,,,,HANOVER,VA,23069,US,+18043656208,+18043656208,,,,,cjsobrito@hanovercounty.gov,,,Y,Y,MEDIUM,70.0,REVIEW,NaT
57,CJBS,,Harris Heating & Plumbing Co,11020 Richardson Rd,,,Ashland,VA,23005,US,11020 Richardson Rd Ashland VA 23005 USA,,,,,,,accountspayable@harrisheating.com,,,Y,Y,,HARRIS HEATING & PLUMBING CO,11020 RICHARDSON RD,,,,ASHLAND,VA,23005,US,,,,,,,accountspayable@harrisheating.com,,,Y,Y,LOW,100.0,REVIEW,NaT
58,CJBS,,Healthcare Realty Services LLC,5875 Bremo Road,Suite 510,,Richmond,VA,23226,US,5875 Bremo RoadSuite 510 Richmond VA 23226 USA,,,,,,,,,,Y,Y,,HEALTHCARE REALTY SERVICES LLC,5875 BREMO RD,,SUITE 510,,RICHMOND,VA,23226,US,,,,,,,,,,Y,Y,LOW,100.0,REVIEW,NaT
59,CJBS,,Henrico Co Public Utilities,4301 E Parham Rd,,,Richmond,VA,23228,US,4301 E Parham Rd Richmond Virginia 23228 United States,,,,,,,,,,Y,Y,,HENRICO CO PUBLIC UTILITIES,4301 E PARHAM RD,,,,RICHMOND,VA,23228,US,,,,,,,,,,Y,Y,LOW,100.0,REVIEW,NaT
60,CJBS,,Henrico County Public Schools,1910 E Parham Rd,,,Richmond,VA,23228,US,1910 E Parham Rd. Richmond Virginia 23228 United States,,,,,,,,,,Y,Y,,HENRICO COUNTY PUBLIC SCHOOLS,1910 E PARHAM RD,,,,RICHMOND,VA,23228,US,,,,,,,,,,Y,Y,LOW,100.0,REVIEW,NaT
61,CJBS,,Henrico Sports & Events,1 All Star Blvd,,,Glen Allen,VA,23059,US,1 All Star Blvd Glen Allen Virginia 23059 United States,,,,,,,hcfinance@henricocenter.com,,,Y,Y,,HENRICO SPORTS & EVENTS,1 ALL STAR BLVD,,,,GLEN ALLEN,VA,23059,US,,,,,,,hcfinance@henricocenter.com,,,Y,Y,LOW,100.0,REVIEW,NaT
62,CJBS,,Hobbs & Associates,4850 Brookside Ct,Suite 100,,Norfolk,VA,23502,US,"4850 Brookside Ct, Suite 100 Norfolk VA 23502 US",+17574688800 ,,,,,,ap@hobbsassociates.com,,,Y,Y,,HOBBS & ASSOCIATES,4850 BROOKSIDE CT,,SUITE 100,,NORFOLK,VA,23502,US,,,,,,,ap@hobbsassociates.com,,,Y,Y,HIGH,80.0,READY,2026-01-11 13:53:33
63,CJBS,,Hobbs & Associates (C),5400 Byrdhill Rd,,,Richmond,VA,23228,US,5400 Byrdhill Rd Richmond  23228,,,,Hobbs & Associates,,,ap@hobbsassociates.com,,,Y,Y,,HOBBS & ASSOCIATES (C),5400 BYRDHILL RD,,,,RICHMOND,VA,23228,US,,,,Hobbs Associates,,,ap@hobbsassociates.com,,,Y,Y,LOW,100.0,REVIEW,NaT
64,CJBS,,Hourigan,411 East Franklin Street,Suite 400,,Richmond,VA,23219,US,"411 East Franklin Street
Suite 400 Richmond VA 23219 United States",,,,Hourigan,,,Accounting@hourigan.group,,,Y,Y,,HOURIGAN,411 E FRANKLIN ST,,SUITE 400,,RICHMOND,VA,23219,US,,,,Hourigan,,,accounting@hourigan.group,,,Y,Y,HIGH,80.0,READY,2026-01-11 13:53:36
65,CJBS,,Howell's Heating & Air,PO Box 2048,,,Ashland,VA,23005,US,P.O. Box 2048 Ashland VA 23005 USA,(804) 798-1371 ,,,,,,AP@howellsac.com,,,Y,Y,,HOWELL'S HEATING & AIR,PO BOX 2048,,,,ASHLAND,VA,23005,US,+18047981371,+18047981371,,,,,ap@howellsac.com,,,Y,Y,MEDIUM,70.0,REVIEW,NaT
66,CJBS,,Hutchen's Mechanical,9221 Providence Trl,,,Providence Forge,VA,23140,US,9221 Providence Trl Providence Forge Virginia 23140 United States,(804) 516-7752 ,,,,,,ryan@hutchensmechanical.com,,,Y,Y,,HUTCHEN'S MECHANICAL,9221 PROVIDENCE TRL,,,,PROVIDENCE FORGE,VA,23140,US,+18045167752,+18045167752,,,,,ryan@hutchensmechanical.com,,,Y,Y,LOW,100.0,REVIEW,NaT
67,CJBS,,ICE Heating & Cooling,451 Central Rd,,,Fredericksburg,VA,22401,US,451 Central Rd Fredericksburg VA 22401 US,(540) 654-5518 ,,,,,,hhirschberg@ICEHeatingandCooling.com,,,Y,Y,,ICE HEATING & COOLING,451 CENTRAL RD,,,,FREDERICKSBURG,VA,22401,US,+15406545518,+15406545518,,,,,hhirschberg@iceheatingandcooling.com,,,Y,Y,HIGH,80.0,READY,2026-01-11 13:53:41
68,CJBS,,Infinity Group,,,,,,,US,,,,,,,,,,,,Y,,INFINITY GROUP,,,,,,,,US,,,,,,,,,,,Y,LOW,20.0,INVALID,NaT
69,CJBS,,Integrity Construction Management LLC,3810 Indian River Rd,Unit 13884,,Chesapeake,VA,23325,US,3810 Indian River RdUnit 13884 Chesapeake VA 23325,(215) 936-8622 ,,,,,,gmeizinger@icm-va.net,,,Y,Y,,INTEGRITY CONSTRUCTION MANAGEMENT LLC,3810 INDIAN RIVER RD,,UNIT 13884,,CHESAPEAKE,VA,23325,US,+12159368622,+12159368622,,,,,gmeizinger@icm-va.net,,,Y,Y,HIGH,80.0,READY,2026-01-11 13:53:44
70,CJBS,,Irvin Law Firm,501 Branchway Rd,,,Richmond,VA,23236,US,501 Branchway Rd Richmond VA 23236,,,,,,,wirvin@irvinlawfirm.com,,,Y,Y,,IRVIN LAW FIRM,501 BRANCHWAY RD,,,,RICHMOND,VA,23236,US,,,,,,,wirvin@irvinlawfirm.com,,,Y,Y,LOW,100.0,REVIEW,NaT
71,CJBS,,James River Air Conditioning Company,1905 Westmoreland St,,,Richmond,VA,23230,US,1905 Westmoreland St Richmond VA 23230 USA,(804) 358-9333 ,,,,,,ap@jamesriverair.com,,,Y,Y,,JAMES RIVER AIR CONDITIONING COMPANY,1905 WMORELAND ST,,,,RICHMOND,VA,23230,US,+18043589333,+18043589333,,,,,ap@jamesriverair.com,,,Y,Y,HIGH,80.0,READY,2026-01-11 13:53:48
72,CJBS,,Jefferson Scholars Foundation,112 Clarke Ct,,,Charlottesville,VA,22903,US,112 Clarke Ct Charlottesville Virginia 22903 United States,,,,,,,finance@jeffersonscholars.org,,,Y,Y,,JEFFERSON SCHOLARS FOUNDATION,112 CLARKE CT,,,,CHARLOTTESVILLE,VA,22903,US,,,,,,,finance@jeffersonscholars.org,,,Y,Y,LOW,100.0,REVIEW,NaT
73,CJBS,,JEMB Realty Corporation,150 Broadway,,,New York,NY,10038,US,"150 Broadway, New York, NY 10038, USA New York  10038",,,,JEMB Realty Corporation,,,,,,Y,Y,,JEMB REALTY CORPORATION,150 BROADWAY,,,,NEW YORK,NY,10038,US,,,,Jemb Realty,,,,,,Y,Y,LOW,100.0,REVIEW,NaT
74,CJBS,,Joe Martinez - Home,10500 Cardigan Circle,,,Glen Allen,VA,23060,US,10500 Cardigan Circle Glen Allen Virginia 23060 United States,(804) 283-1496,,,Joe Martinez - Home,,,jmartinez@cjbuildingsolutions.com,,,Y,Y,,JOE MARTINEZ - HOME,10500 CARDIGAN CIR,,,,GLEN ALLEN,VA,23060,US,+18042831496,+18042831496,,Joe Martinez,,,jmartinez@cjbuildingsolutions.com,,,Y,Y,HIGH,80.0,READY,2026-01-11 13:54:30
75,CJBS,,JRC Mechanical,417 Network Station,Suite 101,,Chesapeake,VA,23320,US,"417 Network Station
Suite 101 Chesapeake Virginia 23320 United States",757-424-4785,,,JRC Mechanical,,,sbailey@Jrcmechanical.com,,,Y,Y,,JRC MECHANICAL,417 NETWORK STATION,,SUITE 101,,CHESAPEAKE,VA,23320,US,+17574244785,+17574244785,,Jrc Mechanical,,,sbailey@jrcmechanical.com,,,Y,Y,HIGH,80.0,READY,2026-01-11 13:54:31
76,CJBS,,JRC Services,2740 Ellsmere Ave,Suite B,,Norfolk,VA,23513,US,"2740 Ellsmere Ave
Suite B Norfolk VA 23513 United States",,,,JRC  Services,,,,,,Y,Y,,JRC SERVICES,2740 ELLSMERE AVE,,SUITE B,,NORFOLK,VA,23513,US,,,,Jrc Services,,,,,,Y,Y,HIGH,80.0,READY,2026-01-11 13:54:33
77,CJBS,,JW Enochs Inc,416 E Randolph Rd,,,Hopewell,VA,23860,US,416 E. Randolph Rd. Hopewell VA 23860,,,,,,,wilson@jwenochs.com,,,Y,Y,,JW ENOCHS INC,416 E RANDOLPH RD,,,,HOPEWELL,VA,23860,US,,,,,,,wilson@jwenochs.com,,,Y,Y,HIGH,80.0,READY,2026-01-11 13:54:35
78,CJBS,,Kaeser Compressors,511 Sigma Dr,,,Fredericksburg,VA,22408,US,511 Sigma Dr. Fredericksburg Virginia 22408 United States,,,,Kaeser  Compressors,,,,,,Y,Y,,KAESER COMPRESSORS,511 SIGMA DR,,,,FREDERICKSBURG,VA,22408,US,,,,Kaeser Compressors,,,,,,Y,Y,HIGH,80.0,READY,2026-01-11 13:54:36
79,CJBS,,Karnes & Stanley Heating & Air LLC,279 Adams Ln,,,Aylett,VA,23009,US,279 Adams Ln Aylett  23009,,,,"Karnes & Stanley Heating & Air, LLC.",,,,,,Y,Y,,KARNES & STANLEY HEATING & AIR LLC,279 ADAMS LN,,,,AYLETT,VA,23009,US,,,,,,,,,,Y,Y,LOW,100.0,REVIEW,NaT
80,CJBS,,Kinderton Group,PO BOX 4215,,,Midlothian,VA,23112-9998,US,"P.O. Box 4215 Midlothian, VA 23112-9998 VA 23112-9998",(804) 845-0270,,,,,,jbowers@kindertongroup.com,,,Y,Y,,KINDERTON GROUP,PO BOX 4215,,,,MIDLOTHIAN,VA,23112-9998,US,+18048450270,+18048450270,,,,,jbowers@kindertongroup.com,,,Y,Y,MEDIUM,70.0,REVIEW,NaT
81,CJBS,,KSH Solutions Inc,3400 Boulevard,,,,,,CA,"3400 Boulevard de Maisonneuve O, Montréal, QC H3Z 3B8, Canada Montréal  H3Z 3B8",,,,KSH Solutions Inc,,,,,,Y,Y,,KSH SOLUTIONS INC,3400 BOUL DE MAISONNEUVE O,,,,MONTREAL,QC,H3Z 3B8,CA,,,,Ksh Solutions,,,,,,Y,Y,HIGH,50.0,READY,NaT
82,CJBS,,Lakewood Manor,1900 Lauderdake Dr,,,Richmond,VA,23238,US,1900 Lauderdake Dr Richmond VA 23238 USA,(804) 740-2900 ,,,,,,,,,Y,Y,,LAKEWOOD MANOR,1900 LAUDERDAKE DR,,,,RICHMOND,VA,23238,US,+18047402900,+18047402900,,,,,,,,Y,Y,LOW,100.0,REVIEW,NaT
83,CJBS,,Leipertz Construction Inc,11610 Grove Park,,,Ct Midlothian,VA,23114,US,"11610 Grove Park Ct, Midlothian, VA 23114",(804) 379-0048 ,,,,,,kstolfi@leipertz.com,,,Y,Y,,LEIPERTZ CONSTRUCTION INC,11610 GROVE PARK,,,,CT MIDLOTHIAN,VA,23114,US,+18043790048,+18043790048,,,,,kstolfi@leipertz.com,,,Y,Y,LOW,100.0,REVIEW,NaT
84,CJBS,,Lincoln Harris LLC,4725 Piedmont Row Dr,Suite 800,,Charlotte,NC,28210,US,4725 Piedmont Row DrSuite 800 Charlotte NC 28210 USA,,,,,,,william.johnson@lpc.com,,,Y,Y,,LINCOLN HARRIS LLC,4725 PIEDMONT ROW DR,,SUITE 800,,CHARLOTTE,NC,28210,US,,,,,,,william.johnson@lpc.com,,,Y,Y,HIGH,80.0,READY,2026-01-11 13:54:45
85,CJBS,,Locke Supply Co,PO BOX 26128,901 LOCKE SUPPLY,,Oklahoma City,OK,73126-0128,US,901 LOCKE SUPPLYPO Box 26128Locke Supply Oklahoma City OK 73126-0128,,,,,,,APinv@lockesupply.com,,,Y,Y,,LOCKE SUPPLY CO,PO BOX 26128,901 LOCKE SUPPLY,,,OKLAHOMA CITY,OK,73126-0128,US,,,,,,,apinv@lockesupply.com,,,Y,Y,MEDIUM,70.0,REVIEW,NaT
86,CJBS,,Marathon Fuel,,,,,,,US,,,,,Marathon  Fuel,,,,,,,Y,,MARATHON FUEL,,,,,,,,US,,,,Marathon Fuel,,,,,,,Y,LOW,20.0,INVALID,NaT
87,CJBS,,MARTIN CONTROL & EQUIPMENT,,,,,,,US,,,,,,,,,,,,Y,,MARTIN CONTROL & EQUIPMENT,,,,,,,,US,,,,,,,,,,,Y,LOW,20.0,INVALID,NaT
88,CJBS,,Martin Horn,210 Carlton Rd,,,Charlottesville,VA,22902,US,210 Carlton Rd Charlottesville VA 22902 US,(434) 293-6171 ,,,,,,,,,Y,Y,,MARTIN HORN,210 CARLTON RD,,,,CHARLOTTESVILLE,VA,22902,US,+14342936171,+14342936171,,,,,,,,Y,Y,HIGH,80.0,READY,2026-01-11 13:54:49
89,CJBS,,MATTHEW KLIPP (ABM INDUSTRIES),5515 AIRPORT DR,,,IRVING,TX,75061,US,,,,,Matthew  Klipp,,,Matthew.Klipp@abm.com,,,,Y,,MATTHEW KLIPP (ABM INDUSTRIES),5515 AIRPORT DR,,,,IRVING,TX,75061,US,,,,Matthew Klipp,,,matthew.klipp@abm.com,,,,Y,LOW,100.0,REVIEW,NaT
90,CJBS,,Mechanical Solutions,2423 Grenoble Road,,,Richmond,VA,23294,US,2423 Grenoble Road Richmond VA 23294 USA,,,,Mechanical Solutions,,,billiejo@mechanical-solutionsllc.com,,,Y,Y,,MECHANICAL SOLUTIONS,2423 GRENOBLE RD,,,,RICHMOND,VA,23294,US,,,,Mechanical Solutions,,,billiejo@mechanical-solutionsllc.com,,,Y,Y,LOW,100.0,REVIEW,NaT
91,CJBS,,M&E Contractors,9001 Hermitage Rd,,,Richmond,VA,23228,US,9001 Hermitage Rd Richmond VA 23228,,,,M&E Contractors,,,,,,Y,Y,,M&E CONTRACTORS,9001 HERMITAGE RD,,,,RICHMOND,VA,23228,US,,,,Me Contractors,,,,,,Y,Y,HIGH,80.0,READY,2026-01-11 13:54:54
92,CJBS,,Microsoft,ONE MICROSOFT WAY,,,Redmond,WA,98052,US,ONE MICROSOFT WAY Redmond WA 98052 USA,,,,,,,,,,Y,Y,,MICROSOFT,ONE MICROSOFT WAY,,,,REDMOND,WA,98052,US,,,,,,,,,,Y,Y,HIGH,80.0,READY,2026-01-11 13:54:56
93,CJBS,,Middle River Regional Jail,350 Technology Drive,,,Staunton,VA,24401,US,350 Technology Drive Staunton VA 24401,(540) 245-5420 ,,,,,,pbraverman@mrrjva.gov,,,Y,Y,,MIDDLE RIVER REGIONAL JAIL,350 TECHNOLOGY DR,,,,STAUNTON,VA,24401,US,+15402455420,+15402455420,,,,,pbraverman@mrrjva.gov,,,Y,Y,HIGH,80.0,READY,2026-01-11 13:54:58
94,CJBS,,Miller Mechanical,2504 Grenoble Rd,,,Richmond,VA,23294,US,2504 Grenoble Rd. Richmond VA 23294,(804) 264-1279 ,,,Miller Mechanical,,,ap@millermechanical.com,,,Y,Y,,MILLER MECHANICAL,2504 GRENOBLE RD,,,,RICHMOND,VA,23294,US,+18042641279,+18042641279,,Miller Mechanical,,,ap@millermechanical.com,,,Y,Y,LOW,100.0,REVIEW,NaT
95,CJBS,,MPNN â€“ Behavioral Health,6965 Fox Hunt Lane,,,Gloucester,VA,23061,US,6965 Fox Hunt Lane Gloucester VA 23061 USA,(804) 824-3818 ,,,Larry  Kight,,,lkight@mpnn.state.va.us,,,Y,Y,,MPNN â€“ BEHAVIORAL HEALTH,6965 FOX HUNT LN,,,,GLOUCESTER,VA,23061,US,+18048243818,+18048243818,,Larry Kight,,,lkight@mpnn.state.va.us,,,Y,Y,HIGH,80.0,READY,2026-01-11 13:55:01
96,CJBS,,Navien Inc,3000 John Deere Rd,,,Toano,VA,23168,US,3000 John Deere Rd Toano Virginia 23168,,,,Navien,,,,,,Y,Y,,NAVIEN INC,3000 JOHN DEERE RD,,,,TOANO,VA,23168,US,,,,Navien,,,,,,Y,Y,LOW,100.0,REVIEW,NaT
97,CJBS,,New Kent County Public Schools,7365 Egypt Rd,,,New Kent,VA,23124,US,7365 Egypt Rd. New Kent Virginia 23124 United States,,,,New Kent County Public Schools,,,,,,Y,Y,,NEW KENT COUNTY PUBLIC SCHOOLS,7365 EGYPT RD,,,,NEW KENT,VA,23124,US,,,,,,,,,,Y,Y,HIGH,80.0,READY,2026-01-11 13:55:04
98,CJBS,,Nexcom,3280 Virginia Beach Blvd,,,Virginia Beach,VA,23452,US,3280 Virginia Beach Blvd Virginia Beach VA 23452 United States,,,,,,,,,,Y,Y,,NEXCOM,3280 VIRGINIA BEACH BLVD,,,,VIRGINIA BEACH,VA,23452,US,,,,,,,,,,Y,Y,HIGH,80.0,READY,2026-01-11 13:55:06
99,CJBS,,Norfolk Christian,255 Thole Street,,,Norfolk,VA,23505,US,255 Thole Street Norfolk VA 23505 US,(757) 423-5770 ,,,,,,lcutherell@norfolkchristian.org,,,Y,Y,,NORFOLK CHRISTIAN,255 THOLE ST,,,,NORFOLK,VA,23505,US,+17574235770,+17574235770,,,,,lcutherell@norfolkchristian.org,,,Y,Y,HIGH,80.0,READY,2026-01-11 13:55:08
100,CJBS,,Norfolk Collegiate,7336 Granby St,,,Norfolk,VA,23505,US,7336 Granby St. Norfolk VA 23505 USA,,,,,,,payables@norfolkcollegiate.org,,,Y,Y,,NORFOLK COLLEGIATE,7336 GRANBY ST,,,,NORFOLK,VA,23505,US,,,,,,,payables@norfolkcollegiate.org,,,Y,Y,HIGH,80.0,READY,2026-01-11 13:55:10
101,CJBS,,Novo Nordisk Pharmaceutical Industries LP,3612 Powhatan Road,,,Clayton,NC,27527,US,3612 Powhatan Road Clayton North Carolina 27527 United States,,,,"Novo Nordisk Pharmaceutical Industries, LP",,,AP-NOVO-CLAYTON@novonordisk.com,,,Y,Y,,NOVO NORDISK PHARMACEUTICAL INDUSTRIES LP,3612 POWHATAN RD,,,,CLAYTON,NC,27527,US,,,,,,,ap-novo-clayton@novonordisk.com,,,Y,Y,HIGH,80.0,READY,2026-01-11 13:55:11
102,CJBS,,Old Dominion Mechanical (C),800 W Leigh Street,,,Richmond,VA,23220,US,800 W. Leigh Street Richmond VA 23220 USA,,,,,,,invoices@odmva.com,,,Y,Y,,OLD DOMINION MECHANICAL (C),800 W LEIGH ST,,,,RICHMOND,VA,23220,US,,,,,,,invoices@odmva.com,,,Y,Y,HIGH,80.0,READY,2026-01-11 13:55:13
103,CJBS,,Opal Fuels,5087 Junction Road,,,Lockport,NY,14094,US,5087 Junction Road Lockport NY 14094 US,,,,,,,jwells@opalfuels.com,,,Y,Y,,OPAL FUELS,5087 JUNCTION RD,,,,LOCKPORT,NY,14094,US,,,,,,,jwells@opalfuels.com,,,Y,Y,HIGH,80.0,READY,2026-01-11 13:55:14
104,CJBS,,Pamunkey Regional Jail,PO BOX 510,,,Hanover,VA,23069,US,PO Box 510 Hanover Virginia 23069 United States,,,,Pamunkey Regional Jail,,,,,,Y,Y,,PAMUNKEY REGIONAL JAIL,PO BOX 510,,,,HANOVER,VA,23069,US,,,,Pamunkey Regional,,,,,,Y,Y,MEDIUM,70.0,REVIEW,NaT
105,CJBS,,Pavion,4151 Lafayette Center Drive,,,Chantilly,VA,20151,US,4151 Lafayette Center Drive Chantilly VA 20151 United States,,,,Pavion,,,pavionapinvoices@V360.Pavion.com,,,Y,Y,,PAVION,4151 LAFAYETTE CENTER DR,,,,CHANTILLY,VA,20151,US,,,,Pavion,,,pavionapinvoices@v360.pavion.com,,,Y,Y,LOW,100.0,REVIEW,NaT
106,CJBS,,Peoples Bank,138 Putnam St,,,Marietta,OH,45750,US,138 Putnam St Marietta OH 45750 USA,(740) 376-7133,,,,,,Christopher.Miller@pebo.com,,,Y,Y,,PEOPLES BANK,138 PUTNAM ST,,,,MARIETTA,OH,45750,US,+17403767133,+17403767133,,,,,christopher.miller@pebo.com,,,Y,Y,HIGH,80.0,READY,2026-01-11 13:55:18
107,CJBS,,Petersburg Public Schools,255 South Blvd,,,E Petersburg,VA,23805,US,255 South Blvd E Petersburg Virginia 23805 United States,,,,,,,LaHopkins@petersburg.k12.va.us,,,Y,Y,,PETERSBURG PUBLIC SCHOOLS,255 S BLVD,,,,E PETERSBURG,VA,23805,US,,,,,,,lahopkins@petersburg.k12.va.us,,,Y,Y,LOW,100.0,REVIEW,NaT
108,CJBS,,Piedmont YMCA,151 McIntire Park Dr,,,Charlottesville,VA,22902,US,151 McIntire Park Dr Charlottesville Virginia 22902 United States,,,,Piedmont  YMCA,,,mhenry@piedmontymca.org,,,Y,Y,,PIEDMONT YMCA,151 MCINTIRE PARK DR,,,,CHARLOTTESVILLE,VA,22902,US,,,,Piedmont Ymca,,,mhenry@piedmontymca.org,,,Y,Y,HIGH,80.0,READY,2026-01-11 13:55:21
109,CJBS,,PJP III Condominium Association,600 Peter Jefferson Pkwy,,,Charlottesville,VA,22911,US,600 Peter Jefferson Pkwy Charlottesville Virginia 22911 United States,,,,,,,susan.canterbury@colliers.com,,,Y,Y,,PJP III CONDOMINIUM ASSOCIATION,600 PETER JEFFERSON PKWY,,,,CHARLOTTESVILLE,VA,22911,US,,,,,,,susan.canterbury@colliers.com,,,Y,Y,LOW,100.0,REVIEW,NaT
110,CJBS,,Prince George County Public Schools,PO BOX 400,6410 Courts Dr,,Prince George,VA,23875,US,6410 Courts DrPO Box 400 Prince George VA 23875 US,,,,,,,pbarnes@pgs.k12.va.us,,,Y,Y,,PRINCE GEORGE COUNTY PUBLIC SCHOOLS,PO BOX 400,6410 CTS DR,,,PRINCE GEORGE,VA,23875,US,,,,,,,pbarnes@pgs.k12.va.us,,,Y,Y,MEDIUM,70.0,REVIEW,NaT
111,CJBS,,QINETIQ US HOLDINGS INC,7918 JONES BRANCH DR,STE 350,,MCLEAN,VA,22102,US,,,,,,,,accountspayable@us.QinetiQ.com,,,,Y,,QINETIQ US HOLDINGS INC,7918 JONES BRANCH DR,,STE 350,,MCLEAN,VA,22102,US,,,,,,,accountspayable@us.qinetiq.com,,,,Y,LOW,100.0,REVIEW,NaT
112,CJBS,,QinetiQ Inc,10440 Furnace Rd,Suite 204,,Lorton,VA,22079,US,10440 Furnace Rd Suite 204 Lorton VA 22079 USA,,,,,,,,,,Y,Y,,QINETIQ INC,10440 FURNACE RD,,SUITE 204,,LORTON,VA,22079,US,,,,,,,,,,Y,Y,HIGH,80.0,READY,2026-01-11 13:55:27
113,CJBS,,Range Commercial,4235 Innslake Drive,Suite 200,,Glen Allen,VA,23060,US,"4235 Innslake Drive
Suite 200 Glen Allen Virginia 23060 United States",,,,,,,,,,Y,Y,,RANGE COMMERCIAL,4235 INNSLAKE DR,,SUITE 200,,GLEN ALLEN,VA,23060,US,,,,,,,,,,Y,Y,LOW,100.0,REVIEW,NaT
114,CJBS,,Reimers Electra Steam Inc,4407 Martinsburg Pike,,,Clear Brook,VA,22624,US,4407 Martinsburg Pike Clear Brook VA 22624 US,(540) 662-3811 ,,,,,,,,,Y,Y,,REIMERS ELECTRA STEAM INC,4407 MARTINSBURG PIKE,,,,CLEAR BROOK,VA,22624,US,+15406623811,+15406623811,,,,,,,,Y,Y,HIGH,80.0,READY,2026-01-11 13:55:30
115,CJBS,,Retrofit Services Inc,2106 Aluminum Ave,Ste C,,Hampton,VA,23661,US,2106 Aluminum Ave Ste C Hampton VA 23661 USA,(804) 921-6090,,,Antwone  Ross,,,aross@retrofit-services.com,,,Y,Y,,RETROFIT SERVICES INC,2106 ALUMINUM AVE,,STE C,,HAMPTON,VA,23661,US,+18049216090,+18049216090,,Antwone Ross,,,aross@retrofit-services.com,,,Y,Y,HIGH,80.0,READY,2026-01-11 13:55:32
116,CJBS,,Riddleberger Brothers,6127 S Valley Pike,,,Mt Crawford,VA,22841,US,6127 S Valley Pike Mt Crawford Virginia 22841,,,,Riddleberger  Brothers,,,Lamd@rbiva.com,,,Y,Y,,RIDDLEBERGER BROTHERS,6127 S VALLEY PIKE,,,,MT CRAWFORD,VA,22841,US,,,,Riddleberger Brothers,,,lamd@rbiva.com,,,Y,Y,LOW,100.0,REVIEW,NaT
117,CJBS,,RS Harritan & Company Inc,3280 Formex Rd,,,Richmond,VA,23224,US,3280 Formex Rd. Richmond VA 23224 USA,,,,,,,Tommy_Johnson@Emcorgroup.com,,,Y,Y,,RS HARRITAN & COMPANY INC,3280 FORMEX RD,,,,RICHMOND,VA,23224,US,,,,,,,tommy_johnson@emcorgroup.com,,,Y,Y,HIGH,80.0,READY,2026-01-11 13:55:35
118,CJBS,,Rycon Construction,909 Rose Ave,Suite 620,,North Bethesda,MD,20852,US,909 Rose AveSuite 620 North Bethesda Maryland 20852 United States,(240) 363-4920 ,,,Rycon  Construction,,,,,,Y,Y,,RYCON CONSTRUCTION,909 ROSE AVE,,SUITE 620,,NORTH BETHESDA,MD,20852,US,+12403634920,+12403634920,,Rycon Construction,,,,,,Y,Y,HIGH,80.0,READY,2026-01-11 13:55:37
119,CJBS,,Sabra,15900 Sabra Way,,,Colonial Heights,VA,23834,US,15900 Sabra Way Colonial Heights VA 23834,(804) 431-3174 ,,,,,,jbaucom@sabra.com,,,Y,Y,,SABRA,15900 SABRA WAY,,,,COLONIAL HEIGHTS,VA,23834,US,+18044313174,+18044313174,,,,,jbaucom@sabra.com,,,Y,Y,LOW,100.0,REVIEW,NaT
120,CJBS,,SALTGRASS LEWISVILLE,,,,,,,US,,,,,SALTGRASS  LEWISVILLE,,,,,,,Y,,SALTGRASS LEWISVILLE,,,,,,,,US,,,,Saltgrass Lewisville,,,,,,,Y,LOW,20.0,INVALID,NaT
121,CJBS,,Schneider (C),,,,,,,US,,,,,,,,,,,,Y,,SCHNEIDER (C),,,,,,,,US,,,,,,,,,,,Y,LOW,20.0,INVALID,NaT
122,CJBS,,Schneider Electric National Accounts (C),,,,,,,US,,,,,,,,,,,,Y,,SCHNEIDER ELECTRIC NATIONAL ACCOUNTS (C),,,,,,,,US,,,,,,,,,,,Y,LOW,20.0,INVALID,NaT
123,CJBS,,Scripps,312 Walnut Street,Suite 2800,,Cincinnati,OH,45202,US,312 Walnut StreetSuite 2800 Cincinnati OH 45202 US,(877) 704-8673 ,,,,,,apcustomerservice@scripps.com,,,Y,Y,,SCRIPPS,312 WALNUT ST,,SUITE 2800,,CINCINNATI,OH,45202,US,+18777048673,+18777048673,,,,,apcustomerservice@scripps.com,,,Y,Y,HIGH,80.0,READY,2026-01-11 13:55:45
124,CJBS,,Siemens - Norfolk,300 New Jersey Ave,Ste 1000,,Washington,DC,20001,US,300 New Jersey Ave Ste 1000 Washington DC 20001 USA,(804) 295-9662,,,,,,wes.smith@siemens.com,,,Y,Y,,SIEMENS - NORFOLK,300 NEW JERSEY AVE,,STE 1000,,WASHINGTON,DC,20001,US,+18042959662,+18042959662,,,,,wes.smith@siemens.com,,,Y,Y,HIGH,80.0,READY,2026-01-11 13:55:47
125,CJBS,,Siemens - Richmond,5106 Glen Alden Dr,,,Henrico,VA,23231,US,5106 Glen Alden Dr Henrico  23231,,,,Siemens - Richmond,,,,,,Y,Y,,SIEMENS - RICHMOND,5106 GLEN ALDEN DR,,,,HENRICO,VA,23231,US,,,,Siemens Richmond,,,,,,Y,Y,HIGH,80.0,READY,2026-01-11 13:55:48
126,CJBS,,Sodexo,3847 Crum Rd,,,Youngstown,OH,44515,US,3847 Crum Rd Youngstown OH 44515,,,,,,,Danette.Moore@sodexo.com,,,Y,Y,,SODEXO,3847 CRUM RD,,,,YOUNGSTOWN,OH,44515,US,,,,,,,danette.moore@sodexo.com,,,Y,Y,LOW,100.0,REVIEW,NaT
127,CJBS,,Southeastern Mechanical Inc,820 Juniper,,,Cres Chesapeake,VA,23320,US,820 Juniper Cres. Chesapeake Virginia 23320 United States,(757) 420-4701 ,,,,,,terri@smiva.com,,,Y,Y,,SOUTHEASTERN MECHANICAL INC,820 JUNIPER,,,,CRES CHESAPEAKE,VA,23320,US,+17574204701,+17574204701,,,,,terri@smiva.com,,,Y,Y,LOW,100.0,REVIEW,NaT
128,CJBS,,SRC Inc,5711 Greendale Rd,,,Richmond,VA,23228,US,5711 Greendale Rd Richmond VA 23228 USA,(804) 355-6454 ,,,,,,mike@src-inc.net,,,Y,Y,,SRC INC,5711 GREENDALE RD,,,,RICHMOND,VA,23228,US,+18043556454,+18043556454,,,,,mike@src-inc.net,,,Y,Y,LOW,100.0,REVIEW,NaT
129,CJBS,,SSC Services for Education,2400 Yorkmont Road,,,Charlotte,NC,28217,US,2400 Yorkmont Road Charlotte NC 28217 US,(757) 357-8060 ,,,,,,Frances.Scudder@sscserv.com,,,Y,Y,,SSC SERVICES FOR EDUCATION,2400 YORKMONT RD,,,,CHARLOTTE,NC,28217,US,+17573578060,+17573578060,,,,,frances.scudder@sscserv.com,,,Y,Y,HIGH,80.0,READY,2026-01-11 13:55:55
130,CJBS,,Standard Electric,,,,,,,US,,,,,,,,,,,,Y,,STANDARD ELECTRIC,,,,,,,,US,,,,,,,,,,,Y,LOW,20.0,INVALID,NaT
131,CJBS,,Stonebridge School,1629 Jolliff Road,,,Chesapeake,VA,23321,US,1629 Jolliff Road Chesapeake VA 23321 USA,(757) 429-9862 ,,,,,,ariel.seitz@stonebridgeschool.com,,,Y,Y,,STONEBRIDGE SCHOOL,1629 JOLLIFF RD,,,,CHESAPEAKE,VA,23321,US,+17574299862,+17574299862,,,,,ariel.seitz@stonebridgeschool.com,,,Y,Y,HIGH,80.0,READY,2026-01-11 13:55:58
132,CJBS,,St Thomas Aquinas,401 Alderman Rd,,,Charlottesville,VA,22903,US,401 Alderman Rd Charlottesville Virginia 22903 United States,,,,St Thomas Aquinas,,,Facilities@stauva.org,,,Y,Y,,ST THOMAS AQUINAS,401 ALDERMAN RD,,,,CHARLOTTESVILLE,VA,22903,US,,,,Thomas Aquinas,,,facilities@stauva.org,,,Y,Y,HIGH,80.0,READY,2026-01-11 13:56:00
133,CJBS,,Super Radiator,451 Southlake Blvd,,,Richmond,VA,23236,US,451 Southlake Blvd Richmond VA 23236 USA,,,,,,,va-apmail@superradiatorcoils.com,,,Y,Y,,SUPER RADIATOR,451 SLAKE BLVD,,,,RICHMOND,VA,23236,US,,,,,,,va-apmail@superradiatorcoils.com,,,Y,Y,LOW,100.0,REVIEW,NaT
134,CJBS,,T5 Data Center - Microsoft,3344 Peachtree Rd,Suite 2550,,Atlanta GA 2550,,,US,3344 Peachtree RdSuite 2550 Atlanta GA 2550,,,,,,,,,,Y,Y,,T5 DATA CENTER - MICROSOFT,3344 PEACHTREE RD NE,,SUITE 2550,,ATLANTA,GA,30326,US,,,,,,,,,,Y,Y,HIGH,63.33,READY,2026-01-11 13:56:03
135,CJBS,,Temperature Control Mechanical Services,11197 Leadbetter Road,,,Ashland,VA,23005,US,11197 Leadbetter Road Ashland VA 23005 US,(804) 752-2757 ,,,,,,chargadon@tcms.net,,,Y,Y,,TEMPERATURE CONTROL MECHANICAL SERVICES,11197 LEADBETTER RD,,,,ASHLAND,VA,23005,US,+18047522757,+18047522757,,,,,chargadon@tcms.net,,,Y,Y,LOW,100.0,REVIEW,NaT
136,CJBS,,Thalhimer,PO Box 5160,,,Glen Allen,VA,23058,US,P.O. Box 5160 Glen Allen VA 23058 USA,(804) 648-5881,,,,,,,,,Y,Y,,THALHIMER,PO BOX 5160,,,,GLEN ALLEN,VA,23058,US,+18046485881,+18046485881,,,,,,,,Y,Y,MEDIUM,70.0,REVIEW,NaT
137,CJBS,,T&H Services,1279 W 10 St,Suite B,,Blackstone,VA,23824,US,"1279 W 10 St
Suite B Blackstone Virginia 23824 United States",,,,,,,fastc.ap@thtbc.com,,,Y,Y,,T&H SERVICES,1279 W 10 ST,,SUITE B,,BLACKSTONE,VA,23824,US,,,,,,,fastc.ap@thtbc.com,,,Y,Y,LOW,100.0,REVIEW,NaT
138,CJBS,,TLA INC,111 N Otterdale Rd,,,Midlothian,VA,23113,US,111 N. Otterdale Rd Midlothian VA 23113,(804) 321-4444 ,,,TLA  INC,,,jeff.perryman@tla-va.com,,,Y,Y,,TLA INC,111 N OTTERDALE RD,,,,MIDLOTHIAN,VA,23113,US,+18043214444,+18043214444,,Tla Inc,,,jeff.perryman@tla-va.com,,,Y,Y,HIGH,80.0,READY,2026-01-11 13:56:08
139,CJBS,,TONY'S ITALIAN,,,,,,,US,,,,,,,,,,,,Y,,TONY'S ITALIAN,,,,,,,,US,,,,,,,,,,,Y,LOW,20.0,INVALID,NaT
140,CJBS,,Total Mechanical Solutions LLC,4445 Corporation Lane,Suite 259,,Virginia Beach,VA,23462,US,"4445 Corporation Lane
Suite 259 Virginia Beach Virginia 23462 United States",,,,,,,,,,Y,Y,,TOTAL MECHANICAL SOLUTIONS LLC,4445 CORPORATION LN,,SUITE 259,,VIRGINIA BEACH,VA,23462,US,,,,,,,,,,Y,Y,HIGH,80.0,READY,2026-01-11 13:56:12
141,CJBS,,VA Center for Behavioral Rehabilitation,5001 E Patrick Henry Highway,A79403 Storeroom,,Burkville,VA,23922,US,"A79403, Storeroom
5001 E. Patrick Henry Highway Burkville VA 23922 USA",(804) 766-3207 ,,,,,,vcbrap@dbhds.virginia.gov,,,Y,Y,,VA CENTER FOR BEHAVIORAL REHABILITATION,5001 E PATRICK HENRY HWY,,A79403 STOREROOM,,BURKVILLE,VA,23922,US,+18047663207,+18047663207,,,,,vcbrap@dbhds.virginia.gov,,,Y,Y,LOW,100.0,REVIEW,NaT
142,CJBS,,VCU,912 W Grace St5th,,,Floor Richmond,VA,23284,US,912 W. Grace St5th Floor Richmond VA 23284 USA,,,,,,,FMContracts@vcu.edu,,,Y,Y,,VCU,912 W GRACE ST5TH,,,,FLOOR RICHMOND,VA,23284,US,,,,,,,fmcontracts@vcu.edu,,,Y,Y,LOW,100.0,REVIEW,NaT
143,CJBS,,Virginia Cancer Institute,7501 Right Flank Rd,,,Mechanicsville,VA,23116,US,7501 Right Flank Rd. Mechanicsville VA 23116 United States,,,,,,,vciap@vacancer.com,,,Y,Y,,VIRGINIA CANCER INSTITUTE,7501 RIGHT FLANK RD,,,,MECHANICSVILLE,VA,23116,US,,,,,,,vciap@vacancer.com,,,Y,Y,LOW,100.0,REVIEW,NaT
144,CJBS,,Virginia Commonwealth University,Box 3985,,,Scranton,PA,18505,US,Accounts PayableBox 3985 Scranton PA 18505 US,,,,,,,whitleyl@vcu.edu,,,Y,Y,,VIRGINIA COMMONWEALTH UNIVERSITY,BOX 3985,,,,SCRANTON,PA,18505,US,,,,,,,whitleyl@vcu.edu,,,Y,Y,MEDIUM,70.0,REVIEW,NaT
145,CJBS,,Virginia Department of Agriculture and Consumer Services,102 Governor St,,,Richmond,VA,23219,US,102 Governor St Richmond VA 23219 USA,(804) 225-4887 ,,,,,,,,,Y,Y,,VIRGINIA DEPARTMENT OF AGRICULTURE AND CONSUMER SERVICES,102 GOVERNOR ST,,,,RICHMOND,VA,23219,US,+18042254887,+18042254887,,,,,,,,Y,Y,HIGH,80.0,READY,2026-01-11 13:56:18
146,CJBS,,Virginia Department of Corrections,6900 Atmore Dr,,,Richmond,VA,23225,US,6900 Atmore Dr Richmond VA 23225 USA,,,,,,,,,,Y,Y,,VIRGINIA DEPARTMENT OF CORRECTIONS,6900 ATMORE DR,,,,RICHMOND,VA,23225,US,,,,,,,,,,Y,Y,HIGH,80.0,READY,2026-01-11 13:56:20
147,CJBS,,Virginia State University,PO BOX 9075,Virginia State University,,,VA,23806,US,P.O. Box 9075 Virginia State University Virginia 23806,(804) 524-5660 ,,,Accounts Payable,,,accountspayable@vsu.edu,,,Y,Y,,VIRGINIA STATE UNIVERSITY,PO BOX 9075,1 HAYDEN DR,VIRGINIA STATE UNIVERSITY,,PETERSBURG,VA,23806,US,+18045245660,+18045245660,,,,,accountspayable@vsu.edu,,,Y,Y,HIGH,40.0,READY,NaT
148,CJBS,,Virginia Veterinary Centers,4300 Greybull Dr,,,Short Pump,VA,23233,US,4300 Greybull Dr. Short Pump Virginia 23233 United States,,,,,,,,,,Y,Y,,VIRGINIA VETERINARY CENTERS,4300 GREYBULL DR,,,,SHORT PUMP,VA,23233,US,,,,,,,,,,Y,Y,HIGH,80.0,READY,2026-01-11 13:56:21
149,CJBS,,Virginia Womens Center,7130 Glen Forest Dr,Suite 101,,Richmond,VA,23226,US,7130 Glen Forest Dr.Suite 101 Richmond VA 23226 US,(804) 288-4084 ,,,Christy  Ennas,,,cennas@vwcenter.com,,,Y,Y,,VIRGINIA WOMENS CENTER,7130 GLEN FOREST DR,,SUITE 101,,RICHMOND,VA,23226,US,+18042884084,+18042884084,,Christy Ennas,,,cennas@vwcenter.com,,,Y,Y,LOW,100.0,REVIEW,NaT
150,CJBS,,Voltus,2443 Fillmore Street,,,#380-3427 San Francisco,CA,94115,US,"2443 Fillmore Street 
#380-3427 San Francisco CA 94115 United States",,,,Voltus,,,accounting@voltus.co,,,Y,Y,,VOLTUS,2443 FILLMORE ST,,,,#380-3427 SAN FRANCISCO,CA,94115,US,,,,Voltus,,,accounting@voltus.co,,,Y,Y,LOW,100.0,REVIEW,NaT
151,CJBS,,Waco Inc,5450 Lewis Rd,,,Sandston,VA,23150,US,5450 Lewis Rd Sandston VA 23150 USA,,,,,,,lallen@wacoinc.net,,,Y,Y,,WACO INC,5450 LEWIS RD,,,,SANDSTON,VA,23150,US,,,,,,,lallen@wacoinc.net,,,Y,Y,LOW,100.0,REVIEW,NaT
152,CJBS,,Warwick Mechanical Group,11048 Warwick Blvd,,,Newport News,VA,23601-3229,US,11048 Warwick Blvd. Newport News VA 23601-3229,,,,,,,AP@WPHCORP.COM,,,Y,Y,,WARWICK MECHANICAL GROUP,11048 WARWICK BLVD,,,,NEWPORT NEWS,VA,23601-3229,US,,,,,,,ap@wphcorp.com,,,Y,Y,HIGH,80.0,READY,2026-01-11 13:56:28
153,CJBS,,Weinstein JCC,5403 Monument Ave,,,Richmond,VA,23226,US,5403 Monument Ave Richmond VA 23226 USA,,,,,,,asnyder@weinsteinjcc.org,,,Y,Y,,WEINSTEIN JCC,5403 MONUMENT AVE,,,,RICHMOND,VA,23226,US,,,,,,,asnyder@weinsteinjcc.org,,,Y,Y,HIGH,80.0,READY,2026-01-11 13:56:30
154,CJBS,,Welding Process & Mechanical Inc,PO Box 503,,,Powhatan,VA,23139,US,P.O. Box 503 Powhatan Virginia 23139 United States,,,,,,,,,,Y,Y,,WELDING PROCESS & MECHANICAL INC,PO BOX 503,,,,POWHATAN,VA,23139,US,,,,,,,,,,Y,Y,MEDIUM,70.0,REVIEW,NaT
155,CJBS,,Westdale Asset Management,11551 Nuckols Road,Ste O,,Glen Allen,VA,23059,US,11551 Nuckols Road Ste O Glen Allen Virginia 23059 United States,(804) 396-2496 ,,,Westdale Asset Management,,,Lisa.Hoover@westdale.com,,,Y,Y,,WESTDALE ASSET MANAGEMENT,11551 NUCKOLS RD,,STE O,,GLEN ALLEN,VA,23059,US,+18043962496,+18043962496,,,,,lisa.hoover@westdale.com,,,Y,Y,LOW,100.0,REVIEW,NaT
156,CJBS,,Westminster Presbyterian Church,4103 Monument Ave,,,Richmond,VA,23230,US,4103 Monument Ave Richmond Virginia 23230 United States,(804) 355-6885 ,,,Sherry  MacLaughlin,,,info@wpcrichmond.org,,,Y,Y,,WESTMINSTER PRESBYTERIAN CHURCH,4103 MONUMENT AVE,,,,RICHMOND,VA,23230,US,+18043556885,+18043556885,,Sherry Maclaughlin,,,info@wpcrichmond.org,,,Y,Y,HIGH,80.0,READY,2026-01-11 13:56:33
